season,sportsbook,type,about,side,line
2021,WSGT,SPREAD,2021_01_DAL_TB,TB,-6.5
2021,WSGT,SPREAD,2021_01_DAL_TB,DAL,6.5
2021,WSGT,TOTAL,2021_01_DAL_TB,Over,52.0
2021,WSGT,TOTAL,2021_01_DAL_TB,Under,52.0
2021,WSGT,SPREAD,2021_01_PIT_BUF,BUF,-6.0
2021,WSGT,SPREAD,2021_01_PIT_BUF,PIT,6.0
2021,WSGT,TOTAL,2021_01_PIT_BUF,Over,49.5
2021,WSGT,TOTAL,2021_01_PIT_BUF,Under,49.5
2021,WSGT,SPREAD,2021_01_NYJ_CAR,CAR,-4.5
2021,WSGT,SPREAD,2021_01_NYJ_CAR,NYJ,4.5
2021,WSGT,TOTAL,2021_01_NYJ_CAR,Over,43.0
2021,WSGT,TOTAL,2021_01_NYJ_CAR,Under,43.0
2021,WSGT,SPREAD,2021_01_JAX_HOU,JAX,-3.0
2021,WSGT,SPREAD,2021_01_JAX_HOU,HOU,3.0
2021,WSGT,TOTAL,2021_01_JAX_HOU,Over,45.5
2021,WSGT,TOTAL,2021_01_JAX_HOU,Under,45.5
2021,WSGT,SPREAD,2021_01_ARI_TEN,TEN,-2.5
2021,WSGT,SPREAD,2021_01_ARI_TEN,ARI,2.5
2021,WSGT,TOTAL,2021_01_ARI_TEN,Over,51.0
2021,WSGT,TOTAL,2021_01_ARI_TEN,Under,51.0
2021,WSGT,SPREAD,2021_01_LAC_WAS,LAC,-1.5
2021,WSGT,SPREAD,2021_01_LAC_WAS,WAS,1.5
2021,WSGT,TOTAL,2021_01_LAC_WAS,Over,44.5
2021,WSGT,TOTAL,2021_01_LAC_WAS,Under,44.5
2021,WSGT,SPREAD,2021_01_PHI_ATL,ATL,-3.5
2021,WSGT,SPREAD,2021_01_PHI_ATL,PHI,3.5
2021,WSGT,TOTAL,2021_01_PHI_ATL,Over,47.0
2021,WSGT,TOTAL,2021_01_PHI_ATL,Under,47.0
2021,WSGT,SPREAD,2021_01_SEA_IND,IND,-3.0
2021,WSGT,SPREAD,2021_01_SEA_IND,SEA,3.0
2021,WSGT,TOTAL,2021_01_SEA_IND,Over,52.0
2021,WSGT,TOTAL,2021_01_SEA_IND,Under,52.0
2021,WSGT,SPREAD,2021_01_MIN_CIN,MIN,-3.0
2021,WSGT,SPREAD,2021_01_MIN_CIN,CIN,3.0
2021,WSGT,TOTAL,2021_01_MIN_CIN,Over,48.0
2021,WSGT,TOTAL,2021_01_MIN_CIN,Under,48.0
2021,WSGT,SPREAD,2021_01_SF_DET,SF,-7.0
2021,WSGT,SPREAD,2021_01_SF_DET,DET,7.0
2021,WSGT,TOTAL,2021_01_SF_DET,Over,45.5
2021,WSGT,TOTAL,2021_01_SF_DET,Under,45.5
2021,WSGT,SPREAD,2021_01_CLE_KC,KC,-6.5
2021,WSGT,SPREAD,2021_01_CLE_KC,CLE,6.5
2021,WSGT,TOTAL,2021_01_CLE_KC,Over,53.0
2021,WSGT,TOTAL,2021_01_CLE_KC,Under,53.0
2021,WSGT,SPREAD,2021_01_MIA_NE,NE,-2.5
2021,WSGT,SPREAD,2021_01_MIA_NE,MIA,2.5
2021,WSGT,TOTAL,2021_01_MIA_NE,Over,44.5
2021,WSGT,TOTAL,2021_01_MIA_NE,Under,44.5
2021,WSGT,SPREAD,2021_01_DEN_NYG,DEN,-1.0
2021,WSGT,SPREAD,2021_01_DEN_NYG,NYG,1.0
2021,WSGT,TOTAL,2021_01_DEN_NYG,Over,42.0
2021,WSGT,TOTAL,2021_01_DEN_NYG,Under,42.0
2021,WSGT,SPREAD,2021_01_GB_NO,NO,-3.0
2021,WSGT,SPREAD,2021_01_GB_NO,GB,3.0
2021,WSGT,TOTAL,2021_01_GB_NO,Over,50.5
2021,WSGT,TOTAL,2021_01_GB_NO,Under,50.5
2021,WSGT,SPREAD,2021_01_CHI_LA,LA,-7.0
2021,WSGT,SPREAD,2021_01_CHI_LA,CHI,7.0
2021,WSGT,TOTAL,2021_01_CHI_LA,Over,44.5
2021,WSGT,TOTAL,2021_01_CHI_LA,Under,44.5
2021,WSGT,SPREAD,2021_01_BAL_LV,BAL,-3.5
2021,WSGT,SPREAD,2021_01_BAL_LV,LV,3.5
2021,WSGT,TOTAL,2021_01_BAL_LV,Over,51.0
2021,WSGT,TOTAL,2021_01_BAL_LV,Under,51.0
2021,WSGT,SPREAD,2021_02_NYG_WAS,WAS,-3.0
2021,WSGT,SPREAD,2021_02_NYG_WAS,NYG,3.0
2021,WSGT,TOTAL,2021_02_NYG_WAS,Over,43.0
2021,WSGT,TOTAL,2021_02_NYG_WAS,Under,43.0
2021,WSGT,SPREAD,2021_02_NE_NYJ,NE,-3.0
2021,WSGT,SPREAD,2021_02_NE_NYJ,NYJ,3.0
2021,WSGT,TOTAL,2021_02_NE_NYJ,Over,42.5
2021,WSGT,TOTAL,2021_02_NE_NYJ,Under,42.5
2021,WSGT,SPREAD,2021_02_DEN_JAX,DEN,-1.5
2021,WSGT,SPREAD,2021_02_DEN_JAX,JAX,1.5
2021,WSGT,TOTAL,2021_02_DEN_JAX,Over,43.5
2021,WSGT,TOTAL,2021_02_DEN_JAX,Under,43.5
2021,WSGT,SPREAD,2021_02_BUF_MIA,BUF,-3.5
2021,WSGT,SPREAD,2021_02_BUF_MIA,MIA,3.5
2021,WSGT,TOTAL,2021_02_BUF_MIA,Over,48.5
2021,WSGT,TOTAL,2021_02_BUF_MIA,Under,48.5
2021,WSGT,SPREAD,2021_02_SF_PHI,SF,-4.0
2021,WSGT,SPREAD,2021_02_SF_PHI,PHI,4.0
2021,WSGT,TOTAL,2021_02_SF_PHI,Over,46.0
2021,WSGT,TOTAL,2021_02_SF_PHI,Under,46.0
2021,WSGT,SPREAD,2021_02_LA_IND,IND,-1.5
2021,WSGT,SPREAD,2021_02_LA_IND,LA,1.5
2021,WSGT,TOTAL,2021_02_LA_IND,Over,49.5
2021,WSGT,TOTAL,2021_02_LA_IND,Under,49.5
2021,WSGT,SPREAD,2021_02_LV_PIT,PIT,-5.5
2021,WSGT,SPREAD,2021_02_LV_PIT,LV,5.5
2021,WSGT,TOTAL,2021_02_LV_PIT,Over,49.0
2021,WSGT,TOTAL,2021_02_LV_PIT,Under,49.0
2021,WSGT,SPREAD,2021_02_CIN_CHI,CHI,-3.5
2021,WSGT,SPREAD,2021_02_CIN_CHI,CIN,3.5
2021,WSGT,TOTAL,2021_02_CIN_CHI,Over,45.5
2021,WSGT,TOTAL,2021_02_CIN_CHI,Under,45.5
2021,WSGT,SPREAD,2021_02_HOU_CLE,CLE,-13.5
2021,WSGT,SPREAD,2021_02_HOU_CLE,HOU,13.5
2021,WSGT,TOTAL,2021_02_HOU_CLE,Over,46.0
2021,WSGT,TOTAL,2021_02_HOU_CLE,Under,46.0
2021,WSGT,SPREAD,2021_02_NO_CAR,NO,-2.5
2021,WSGT,SPREAD,2021_02_NO_CAR,CAR,2.5
2021,WSGT,TOTAL,2021_02_NO_CAR,Over,47.5
2021,WSGT,TOTAL,2021_02_NO_CAR,Under,47.5
2021,WSGT,SPREAD,2021_02_MIN_ARI,ARI,-3.5
2021,WSGT,SPREAD,2021_02_MIN_ARI,MIN,3.5
2021,WSGT,TOTAL,2021_02_MIN_ARI,Over,49.5
2021,WSGT,TOTAL,2021_02_MIN_ARI,Under,49.5
2021,WSGT,SPREAD,2021_02_ATL_TB,TB,-9.5
2021,WSGT,SPREAD,2021_02_ATL_TB,ATL,9.5
2021,WSGT,TOTAL,2021_02_ATL_TB,Over,52.0
2021,WSGT,TOTAL,2021_02_ATL_TB,Under,52.0
2021,WSGT,SPREAD,2021_02_TEN_SEA,SEA,-3.5
2021,WSGT,SPREAD,2021_02_TEN_SEA,TEN,3.5
2021,WSGT,TOTAL,2021_02_TEN_SEA,Over,49.0
2021,WSGT,TOTAL,2021_02_TEN_SEA,Under,49.0
2021,WSGT,SPREAD,2021_02_DAL_LAC,LAC,-1.5
2021,WSGT,SPREAD,2021_02_DAL_LAC,DAL,1.5
2021,WSGT,TOTAL,2021_02_DAL_LAC,Over,52.0
2021,WSGT,TOTAL,2021_02_DAL_LAC,Under,52.0
2021,WSGT,SPREAD,2021_02_KC_BAL,KC,0.0
2021,WSGT,SPREAD,2021_02_KC_BAL,BAL,0.0
2021,WSGT,TOTAL,2021_02_KC_BAL,Over,51.5
2021,WSGT,TOTAL,2021_02_KC_BAL,Under,51.5
2021,WSGT,SPREAD,2021_02_DET_GB,GB,-7.5
2021,WSGT,SPREAD,2021_02_DET_GB,DET,7.5
2021,WSGT,TOTAL,2021_02_DET_GB,Over,47.5
2021,WSGT,TOTAL,2021_02_DET_GB,Under,47.5
2021,WSGT,SPREAD,2021_03_CAR_HOU,CAR,-4.0
2021,WSGT,SPREAD,2021_03_CAR_HOU,HOU,4.0
2021,WSGT,TOTAL,2021_03_CAR_HOU,Over,44.5
2021,WSGT,TOTAL,2021_03_CAR_HOU,Under,44.5
2021,WSGT,SPREAD,2021_03_IND_TEN,IND,-1.0
2021,WSGT,SPREAD,2021_03_IND_TEN,TEN,1.0
2021,WSGT,TOTAL,2021_03_IND_TEN,Over,49.5
2021,WSGT,TOTAL,2021_03_IND_TEN,Under,49.5
2021,WSGT,SPREAD,2021_03_ATL_NYG,NYG,-2.5
2021,WSGT,SPREAD,2021_03_ATL_NYG,ATL,2.5
2021,WSGT,TOTAL,2021_03_ATL_NYG,Over,48.5
2021,WSGT,TOTAL,2021_03_ATL_NYG,Under,48.5
2021,WSGT,SPREAD,2021_03_LAC_KC,KC,-7.5
2021,WSGT,SPREAD,2021_03_LAC_KC,LAC,7.5
2021,WSGT,TOTAL,2021_03_LAC_KC,Over,52.5
2021,WSGT,TOTAL,2021_03_LAC_KC,Under,52.5
2021,WSGT,SPREAD,2021_03_CIN_PIT,PIT,-6.0
2021,WSGT,SPREAD,2021_03_CIN_PIT,CIN,6.0
2021,WSGT,TOTAL,2021_03_CIN_PIT,Over,47.0
2021,WSGT,TOTAL,2021_03_CIN_PIT,Under,47.0
2021,WSGT,SPREAD,2021_03_CHI_CLE,CLE,-7.0
2021,WSGT,SPREAD,2021_03_CHI_CLE,CHI,7.0
2021,WSGT,TOTAL,2021_03_CHI_CLE,Over,44.5
2021,WSGT,TOTAL,2021_03_CHI_CLE,Under,44.5
2021,WSGT,SPREAD,2021_03_BAL_DET,BAL,-7.5
2021,WSGT,SPREAD,2021_03_BAL_DET,DET,7.5
2021,WSGT,TOTAL,2021_03_BAL_DET,Over,48.0
2021,WSGT,TOTAL,2021_03_BAL_DET,Under,48.0
2021,WSGT,SPREAD,2021_03_NO_NE,NO,-1.0
2021,WSGT,SPREAD,2021_03_NO_NE,NE,1.0
2021,WSGT,TOTAL,2021_03_NO_NE,Over,47.0
2021,WSGT,TOTAL,2021_03_NO_NE,Under,47.0
2021,WSGT,SPREAD,2021_03_ARI_JAX,ARI,-2.5
2021,WSGT,SPREAD,2021_03_ARI_JAX,JAX,2.5
2021,WSGT,TOTAL,2021_03_ARI_JAX,Over,49.0
2021,WSGT,TOTAL,2021_03_ARI_JAX,Under,49.0
2021,WSGT,SPREAD,2021_03_WAS_BUF,BUF,-7.5
2021,WSGT,SPREAD,2021_03_WAS_BUF,WAS,7.5
2021,WSGT,TOTAL,2021_03_WAS_BUF,Over,48.0
2021,WSGT,TOTAL,2021_03_WAS_BUF,Under,48.0
2021,WSGT,SPREAD,2021_03_NYJ_DEN,DEN,-5.5
2021,WSGT,SPREAD,2021_03_NYJ_DEN,NYJ,5.5
2021,WSGT,TOTAL,2021_03_NYJ_DEN,Over,42.5
2021,WSGT,TOTAL,2021_03_NYJ_DEN,Under,42.5
2021,WSGT,SPREAD,2021_03_MIA_LV,MIA,0.0
2021,WSGT,SPREAD,2021_03_MIA_LV,LV,0.0
2021,WSGT,TOTAL,2021_03_MIA_LV,Over,46.5
2021,WSGT,TOTAL,2021_03_MIA_LV,Under,46.5
2021,WSGT,SPREAD,2021_03_SEA_MIN,MIN,-1.5
2021,WSGT,SPREAD,2021_03_SEA_MIN,SEA,1.5
2021,WSGT,TOTAL,2021_03_SEA_MIN,Over,48.0
2021,WSGT,TOTAL,2021_03_SEA_MIN,Under,48.0
2021,WSGT,SPREAD,2021_03_TB_LA,LA,-1.0
2021,WSGT,SPREAD,2021_03_TB_LA,TB,1.0
2021,WSGT,TOTAL,2021_03_TB_LA,Over,49.5
2021,WSGT,TOTAL,2021_03_TB_LA,Under,49.5
2021,WSGT,SPREAD,2021_03_GB_SF,SF,-5.0
2021,WSGT,SPREAD,2021_03_GB_SF,GB,5.0
2021,WSGT,TOTAL,2021_03_GB_SF,Over,44.5
2021,WSGT,TOTAL,2021_03_GB_SF,Under,44.5
2021,WSGT,SPREAD,2021_03_PHI_DAL,DAL,-6.5
2021,WSGT,SPREAD,2021_03_PHI_DAL,PHI,6.5
2021,WSGT,TOTAL,2021_03_PHI_DAL,Over,49.5
2021,WSGT,TOTAL,2021_03_PHI_DAL,Under,49.5
2021,WSGT,SPREAD,2021_04_JAX_CIN,CIN,-2.5
2021,WSGT,SPREAD,2021_04_JAX_CIN,JAX,2.5
2021,WSGT,TOTAL,2021_04_JAX_CIN,Over,47.0
2021,WSGT,TOTAL,2021_04_JAX_CIN,Under,47.0
2021,WSGT,SPREAD,2021_04_TEN_NYJ,TEN,-2.5
2021,WSGT,SPREAD,2021_04_TEN_NYJ,NYJ,2.5
2021,WSGT,TOTAL,2021_04_TEN_NYJ,Over,46.5
2021,WSGT,TOTAL,2021_04_TEN_NYJ,Under,46.5
2021,WSGT,SPREAD,2021_04_KC_PHI,KC,-8.0
2021,WSGT,SPREAD,2021_04_KC_PHI,PHI,8.0
2021,WSGT,TOTAL,2021_04_KC_PHI,Over,50.5
2021,WSGT,TOTAL,2021_04_KC_PHI,Under,50.5
2021,WSGT,SPREAD,2021_04_CAR_DAL,DAL,-5.5
2021,WSGT,SPREAD,2021_04_CAR_DAL,CAR,5.5
2021,WSGT,TOTAL,2021_04_CAR_DAL,Over,49.5
2021,WSGT,TOTAL,2021_04_CAR_DAL,Under,49.5
2021,WSGT,SPREAD,2021_04_NYG_NO,NO,-5.5
2021,WSGT,SPREAD,2021_04_NYG_NO,NYG,5.5
2021,WSGT,TOTAL,2021_04_NYG_NO,Over,47.5
2021,WSGT,TOTAL,2021_04_NYG_NO,Under,47.5
2021,WSGT,SPREAD,2021_04_CLE_MIN,CLE,-1.5
2021,WSGT,SPREAD,2021_04_CLE_MIN,MIN,1.5
2021,WSGT,TOTAL,2021_04_CLE_MIN,Over,47.5
2021,WSGT,TOTAL,2021_04_CLE_MIN,Under,47.5
2021,WSGT,SPREAD,2021_04_DET_CHI,CHI,-5.5
2021,WSGT,SPREAD,2021_04_DET_CHI,DET,5.5
2021,WSGT,TOTAL,2021_04_DET_CHI,Over,44.5
2021,WSGT,TOTAL,2021_04_DET_CHI,Under,44.5
2021,WSGT,SPREAD,2021_04_HOU_BUF,BUF,-14.0
2021,WSGT,SPREAD,2021_04_HOU_BUF,HOU,14.0
2021,WSGT,TOTAL,2021_04_HOU_BUF,Over,49.5
2021,WSGT,TOTAL,2021_04_HOU_BUF,Under,49.5
2021,WSGT,SPREAD,2021_04_IND_MIA,IND,-1.5
2021,WSGT,SPREAD,2021_04_IND_MIA,MIA,1.5
2021,WSGT,TOTAL,2021_04_IND_MIA,Over,47.0
2021,WSGT,TOTAL,2021_04_IND_MIA,Under,47.0
2021,WSGT,SPREAD,2021_04_WAS_ATL,ATL,-3.0
2021,WSGT,SPREAD,2021_04_WAS_ATL,WAS,3.0
2021,WSGT,TOTAL,2021_04_WAS_ATL,Over,48.0
2021,WSGT,TOTAL,2021_04_WAS_ATL,Under,48.0
2021,WSGT,SPREAD,2021_04_SEA_SF,SF,-3.5
2021,WSGT,SPREAD,2021_04_SEA_SF,SEA,3.5
2021,WSGT,TOTAL,2021_04_SEA_SF,Over,46.5
2021,WSGT,TOTAL,2021_04_SEA_SF,Under,46.5
2021,WSGT,SPREAD,2021_04_ARI_LA,LA,-4.5
2021,WSGT,SPREAD,2021_04_ARI_LA,ARI,4.5
2021,WSGT,TOTAL,2021_04_ARI_LA,Over,49.0
2021,WSGT,TOTAL,2021_04_ARI_LA,Under,49.0
2021,WSGT,SPREAD,2021_04_PIT_GB,GB,-2.5
2021,WSGT,SPREAD,2021_04_PIT_GB,PIT,2.5
2021,WSGT,TOTAL,2021_04_PIT_GB,Over,46.5
2021,WSGT,TOTAL,2021_04_PIT_GB,Under,46.5
2021,WSGT,SPREAD,2021_04_BAL_DEN,BAL,-3.5
2021,WSGT,SPREAD,2021_04_BAL_DEN,DEN,3.5
2021,WSGT,TOTAL,2021_04_BAL_DEN,Over,45.0
2021,WSGT,TOTAL,2021_04_BAL_DEN,Under,45.0
2021,WSGT,SPREAD,2021_04_TB_NE,TB,-3.5
2021,WSGT,SPREAD,2021_04_TB_NE,NE,3.5
2021,WSGT,TOTAL,2021_04_TB_NE,Over,49.0
2021,WSGT,TOTAL,2021_04_TB_NE,Under,49.0
2021,WSGT,SPREAD,2021_04_LV_LAC,LAC,-4.0
2021,WSGT,SPREAD,2021_04_LV_LAC,LV,4.0
2021,WSGT,TOTAL,2021_04_LV_LAC,Over,49.5
2021,WSGT,TOTAL,2021_04_LV_LAC,Under,49.5
2021,WSGT,SPREAD,2021_05_LA_SEA,LA,0.0
2021,WSGT,SPREAD,2021_05_LA_SEA,SEA,0.0
2021,WSGT,TOTAL,2021_05_LA_SEA,Over,48.0
2021,WSGT,TOTAL,2021_05_LA_SEA,Under,48.0
2021,WSGT,SPREAD,2021_05_NYJ_ATL,ATL,-3.0
2021,WSGT,SPREAD,2021_05_NYJ_ATL,NYJ,3.0
2021,WSGT,TOTAL,2021_05_NYJ_ATL,Over,47.5
2021,WSGT,TOTAL,2021_05_NYJ_ATL,Under,47.5
2021,WSGT,SPREAD,2021_05_DET_MIN,MIN,-8.5
2021,WSGT,SPREAD,2021_05_DET_MIN,DET,8.5
2021,WSGT,TOTAL,2021_05_DET_MIN,Over,48.0
2021,WSGT,TOTAL,2021_05_DET_MIN,Under,48.0
2021,WSGT,SPREAD,2021_05_NO_WAS,NO,-1.5
2021,WSGT,SPREAD,2021_05_NO_WAS,WAS,1.5
2021,WSGT,TOTAL,2021_05_NO_WAS,Over,46.5
2021,WSGT,TOTAL,2021_05_NO_WAS,Under,46.5
2021,WSGT,SPREAD,2021_05_NE_HOU,NE,-6.0
2021,WSGT,SPREAD,2021_05_NE_HOU,HOU,6.0
2021,WSGT,TOTAL,2021_05_NE_HOU,Over,46.5
2021,WSGT,TOTAL,2021_05_NE_HOU,Under,46.5
2021,WSGT,SPREAD,2021_05_MIA_TB,TB,-7.5
2021,WSGT,SPREAD,2021_05_MIA_TB,MIA,7.5
2021,WSGT,TOTAL,2021_05_MIA_TB,Over,50.5
2021,WSGT,TOTAL,2021_05_MIA_TB,Under,50.5
2021,WSGT,SPREAD,2021_05_GB_CIN,GB,-3.0
2021,WSGT,SPREAD,2021_05_GB_CIN,CIN,3.0
2021,WSGT,TOTAL,2021_05_GB_CIN,Over,47.5
2021,WSGT,TOTAL,2021_05_GB_CIN,Under,47.5
2021,WSGT,SPREAD,2021_05_DEN_PIT,PIT,-4.5
2021,WSGT,SPREAD,2021_05_DEN_PIT,DEN,4.5
2021,WSGT,TOTAL,2021_05_DEN_PIT,Over,45.0
2021,WSGT,TOTAL,2021_05_DEN_PIT,Under,45.0
2021,WSGT,SPREAD,2021_05_PHI_CAR,CAR,-3.0
2021,WSGT,SPREAD,2021_05_PHI_CAR,PHI,3.0
2021,WSGT,TOTAL,2021_05_PHI_CAR,Over,47.5
2021,WSGT,TOTAL,2021_05_PHI_CAR,Under,47.5
2021,WSGT,SPREAD,2021_05_TEN_JAX,TEN,-2.5
2021,WSGT,SPREAD,2021_05_TEN_JAX,JAX,2.5
2021,WSGT,TOTAL,2021_05_TEN_JAX,Over,48.0
2021,WSGT,TOTAL,2021_05_TEN_JAX,Under,48.0
2021,WSGT,SPREAD,2021_05_CLE_LAC,CLE,-1.5
2021,WSGT,SPREAD,2021_05_CLE_LAC,LAC,1.5
2021,WSGT,TOTAL,2021_05_CLE_LAC,Over,47.5
2021,WSGT,TOTAL,2021_05_CLE_LAC,Under,47.5
2021,WSGT,SPREAD,2021_05_CHI_LV,LV,-3.5
2021,WSGT,SPREAD,2021_05_CHI_LV,CHI,3.5
2021,WSGT,TOTAL,2021_05_CHI_LV,Over,46.5
2021,WSGT,TOTAL,2021_05_CHI_LV,Under,46.5
2021,WSGT,SPREAD,2021_05_SF_ARI,SF,0.0
2021,WSGT,SPREAD,2021_05_SF_ARI,ARI,0.0
2021,WSGT,TOTAL,2021_05_SF_ARI,Over,46.5
2021,WSGT,TOTAL,2021_05_SF_ARI,Under,46.5
2021,WSGT,SPREAD,2021_05_NYG_DAL,DAL,-5.5
2021,WSGT,SPREAD,2021_05_NYG_DAL,NYG,5.5
2021,WSGT,TOTAL,2021_05_NYG_DAL,Over,48.5
2021,WSGT,TOTAL,2021_05_NYG_DAL,Under,48.5
2021,WSGT,SPREAD,2021_05_BUF_KC,KC,-4.5
2021,WSGT,SPREAD,2021_05_BUF_KC,BUF,4.5
2021,WSGT,TOTAL,2021_05_BUF_KC,Over,54.5
2021,WSGT,TOTAL,2021_05_BUF_KC,Under,54.5
2021,WSGT,SPREAD,2021_05_IND_BAL,BAL,-4.0
2021,WSGT,SPREAD,2021_05_IND_BAL,IND,4.0
2021,WSGT,TOTAL,2021_05_IND_BAL,Over,49.0
2021,WSGT,TOTAL,2021_05_IND_BAL,Under,49.0
2021,WSGT,SPREAD,2021_06_TB_PHI,TB,-7.5
2021,WSGT,SPREAD,2021_06_TB_PHI,PHI,7.5
2021,WSGT,TOTAL,2021_06_TB_PHI,Over,50.5
2021,WSGT,TOTAL,2021_06_TB_PHI,Under,50.5
2021,WSGT,SPREAD,2021_06_MIA_JAX,MIA,-1.5
2021,WSGT,SPREAD,2021_06_MIA_JAX,JAX,1.5
2021,WSGT,TOTAL,2021_06_MIA_JAX,Over,45.5
2021,WSGT,TOTAL,2021_06_MIA_JAX,Under,45.5
2021,WSGT,SPREAD,2021_06_KC_WAS,KC,-6.5
2021,WSGT,SPREAD,2021_06_KC_WAS,WAS,6.5
2021,WSGT,TOTAL,2021_06_KC_WAS,Over,50.5
2021,WSGT,TOTAL,2021_06_KC_WAS,Under,50.5
2021,WSGT,SPREAD,2021_06_LA_NYG,LA,-3.5
2021,WSGT,SPREAD,2021_06_LA_NYG,NYG,3.5
2021,WSGT,TOTAL,2021_06_LA_NYG,Over,45.5
2021,WSGT,TOTAL,2021_06_LA_NYG,Under,45.5
2021,WSGT,SPREAD,2021_06_HOU_IND,IND,-11.5
2021,WSGT,SPREAD,2021_06_HOU_IND,HOU,11.5
2021,WSGT,TOTAL,2021_06_HOU_IND,Over,48.0
2021,WSGT,TOTAL,2021_06_HOU_IND,Under,48.0
2021,WSGT,SPREAD,2021_06_CIN_DET,CIN,-1.0
2021,WSGT,SPREAD,2021_06_CIN_DET,DET,1.0
2021,WSGT,TOTAL,2021_06_CIN_DET,Over,47.0
2021,WSGT,TOTAL,2021_06_CIN_DET,Under,47.0
2021,WSGT,SPREAD,2021_06_GB_CHI,GB,-2.5
2021,WSGT,SPREAD,2021_06_GB_CHI,CHI,2.5
2021,WSGT,TOTAL,2021_06_GB_CHI,Over,46.0
2021,WSGT,TOTAL,2021_06_GB_CHI,Under,46.0
2021,WSGT,SPREAD,2021_06_LAC_BAL,BAL,-5.5
2021,WSGT,SPREAD,2021_06_LAC_BAL,LAC,5.5
2021,WSGT,TOTAL,2021_06_LAC_BAL,Over,49.0
2021,WSGT,TOTAL,2021_06_LAC_BAL,Under,49.0
2021,WSGT,SPREAD,2021_06_MIN_CAR,MIN,0.0
2021,WSGT,SPREAD,2021_06_MIN_CAR,CAR,0.0
2021,WSGT,TOTAL,2021_06_MIN_CAR,Over,47.5
2021,WSGT,TOTAL,2021_06_MIN_CAR,Under,47.5
2021,WSGT,SPREAD,2021_06_ARI_CLE,CLE,-4.5
2021,WSGT,SPREAD,2021_06_ARI_CLE,ARI,4.5
2021,WSGT,TOTAL,2021_06_ARI_CLE,Over,50.0
2021,WSGT,TOTAL,2021_06_ARI_CLE,Under,50.0
2021,WSGT,SPREAD,2021_06_LV_DEN,DEN,-3.5
2021,WSGT,SPREAD,2021_06_LV_DEN,LV,3.5
2021,WSGT,TOTAL,2021_06_LV_DEN,Over,47.0
2021,WSGT,TOTAL,2021_06_LV_DEN,Under,47.0
2021,WSGT,SPREAD,2021_06_DAL_NE,NE,-1.0
2021,WSGT,SPREAD,2021_06_DAL_NE,DAL,1.0
2021,WSGT,TOTAL,2021_06_DAL_NE,Over,48.0
2021,WSGT,TOTAL,2021_06_DAL_NE,Under,48.0
2021,WSGT,SPREAD,2021_06_SEA_PIT,PIT,-2.5
2021,WSGT,SPREAD,2021_06_SEA_PIT,SEA,2.5
2021,WSGT,TOTAL,2021_06_SEA_PIT,Over,48.0
2021,WSGT,TOTAL,2021_06_SEA_PIT,Under,48.0
2021,WSGT,SPREAD,2021_06_BUF_TEN,BUF,-2.5
2021,WSGT,SPREAD,2021_06_BUF_TEN,TEN,2.5
2021,WSGT,TOTAL,2021_06_BUF_TEN,Over,51.5
2021,WSGT,TOTAL,2021_06_BUF_TEN,Under,51.5
2021,WSGT,SPREAD,2021_07_DEN_CLE,CLE,-7.0
2021,WSGT,SPREAD,2021_07_DEN_CLE,DEN,7.0
2021,WSGT,TOTAL,2021_07_DEN_CLE,Over,44.5
2021,WSGT,TOTAL,2021_07_DEN_CLE,Under,44.5
2021,WSGT,SPREAD,2021_07_CAR_NYG,NYG,-3.0
2021,WSGT,SPREAD,2021_07_CAR_NYG,CAR,3.0
2021,WSGT,TOTAL,2021_07_CAR_NYG,Over,46.5
2021,WSGT,TOTAL,2021_07_CAR_NYG,Under,46.5
2021,WSGT,SPREAD,2021_07_NYJ_NE,NE,-6.0
2021,WSGT,SPREAD,2021_07_NYJ_NE,NYJ,6.0
2021,WSGT,TOTAL,2021_07_NYJ_NE,Over,44.5
2021,WSGT,TOTAL,2021_07_NYJ_NE,Under,44.5
2021,WSGT,SPREAD,2021_07_KC_TEN,KC,-4.5
2021,WSGT,SPREAD,2021_07_KC_TEN,TEN,4.5
2021,WSGT,TOTAL,2021_07_KC_TEN,Over,54.0
2021,WSGT,TOTAL,2021_07_KC_TEN,Under,54.0
2021,WSGT,SPREAD,2021_07_WAS_GB,GB,-4.0
2021,WSGT,SPREAD,2021_07_WAS_GB,WAS,4.0
2021,WSGT,TOTAL,2021_07_WAS_GB,Over,46.5
2021,WSGT,TOTAL,2021_07_WAS_GB,Under,46.5
2021,WSGT,SPREAD,2021_07_ATL_MIA,MIA,-3.5
2021,WSGT,SPREAD,2021_07_ATL_MIA,ATL,3.5
2021,WSGT,TOTAL,2021_07_ATL_MIA,Over,48.0
2021,WSGT,TOTAL,2021_07_ATL_MIA,Under,48.0
2021,WSGT,SPREAD,2021_07_CIN_BAL,BAL,-10.0
2021,WSGT,SPREAD,2021_07_CIN_BAL,CIN,10.0
2021,WSGT,TOTAL,2021_07_CIN_BAL,Over,48.0
2021,WSGT,TOTAL,2021_07_CIN_BAL,Under,48.0
2021,WSGT,SPREAD,2021_07_DET_LA,LA,-12.0
2021,WSGT,SPREAD,2021_07_DET_LA,DET,12.0
2021,WSGT,TOTAL,2021_07_DET_LA,Over,46.0
2021,WSGT,TOTAL,2021_07_DET_LA,Under,46.0
2021,WSGT,SPREAD,2021_07_PHI_LV,LV,-3.5
2021,WSGT,SPREAD,2021_07_PHI_LV,PHI,3.5
2021,WSGT,TOTAL,2021_07_PHI_LV,Over,48.5
2021,WSGT,TOTAL,2021_07_PHI_LV,Under,48.5
2021,WSGT,SPREAD,2021_07_HOU_ARI,ARI,-10.5
2021,WSGT,SPREAD,2021_07_HOU_ARI,HOU,10.5
2021,WSGT,TOTAL,2021_07_HOU_ARI,Over,49.0
2021,WSGT,TOTAL,2021_07_HOU_ARI,Under,49.0
2021,WSGT,SPREAD,2021_07_CHI_TB,TB,-10.0
2021,WSGT,SPREAD,2021_07_CHI_TB,CHI,10.0
2021,WSGT,TOTAL,2021_07_CHI_TB,Over,48.0
2021,WSGT,TOTAL,2021_07_CHI_TB,Under,48.0
2021,WSGT,SPREAD,2021_07_IND_SF,SF,-4.5
2021,WSGT,SPREAD,2021_07_IND_SF,IND,4.5
2021,WSGT,TOTAL,2021_07_IND_SF,Over,46.5
2021,WSGT,TOTAL,2021_07_IND_SF,Under,46.5
2021,WSGT,SPREAD,2021_07_NO_SEA,SEA,-3.0
2021,WSGT,SPREAD,2021_07_NO_SEA,NO,3.0
2021,WSGT,TOTAL,2021_07_NO_SEA,Over,48.0
2021,WSGT,TOTAL,2021_07_NO_SEA,Under,48.0
2021,WSGT,SPREAD,2021_08_GB_ARI,ARI,-3.0
2021,WSGT,SPREAD,2021_08_GB_ARI,GB,3.0
2021,WSGT,TOTAL,2021_08_GB_ARI,Over,49.0
2021,WSGT,TOTAL,2021_08_GB_ARI,Under,49.0
2021,WSGT,SPREAD,2021_08_CIN_NYJ,NYJ,-1.0
2021,WSGT,SPREAD,2021_08_CIN_NYJ,CIN,1.0
2021,WSGT,TOTAL,2021_08_CIN_NYJ,Over,47.0
2021,WSGT,TOTAL,2021_08_CIN_NYJ,Under,47.0
2021,WSGT,SPREAD,2021_08_TEN_IND,IND,-3.5
2021,WSGT,SPREAD,2021_08_TEN_IND,TEN,3.5
2021,WSGT,TOTAL,2021_08_TEN_IND,Over,50.0
2021,WSGT,TOTAL,2021_08_TEN_IND,Under,50.0
2021,WSGT,SPREAD,2021_08_LA_HOU,LA,-8.5
2021,WSGT,SPREAD,2021_08_LA_HOU,HOU,8.5
2021,WSGT,TOTAL,2021_08_LA_HOU,Over,47.0
2021,WSGT,TOTAL,2021_08_LA_HOU,Under,47.0
2021,WSGT,SPREAD,2021_08_PIT_CLE,CLE,-4.5
2021,WSGT,SPREAD,2021_08_PIT_CLE,PIT,4.5
2021,WSGT,TOTAL,2021_08_PIT_CLE,Over,47.0
2021,WSGT,TOTAL,2021_08_PIT_CLE,Under,47.0
2021,WSGT,SPREAD,2021_08_PHI_DET,PHI,0.0
2021,WSGT,SPREAD,2021_08_PHI_DET,DET,0.0
2021,WSGT,TOTAL,2021_08_PHI_DET,Over,48.5
2021,WSGT,TOTAL,2021_08_PHI_DET,Under,48.5
2021,WSGT,SPREAD,2021_08_SF_CHI,SF,-4.0
2021,WSGT,SPREAD,2021_08_SF_CHI,CHI,4.0
2021,WSGT,TOTAL,2021_08_SF_CHI,Over,44.5
2021,WSGT,TOTAL,2021_08_SF_CHI,Under,44.5
2021,WSGT,SPREAD,2021_08_CAR_ATL,ATL,-3.5
2021,WSGT,SPREAD,2021_08_CAR_ATL,CAR,3.5
2021,WSGT,TOTAL,2021_08_CAR_ATL,Over,49.5
2021,WSGT,TOTAL,2021_08_CAR_ATL,Under,49.5
2021,WSGT,SPREAD,2021_08_MIA_BUF,BUF,-7.0
2021,WSGT,SPREAD,2021_08_MIA_BUF,MIA,7.0
2021,WSGT,TOTAL,2021_08_MIA_BUF,Over,49.0
2021,WSGT,TOTAL,2021_08_MIA_BUF,Under,49.0
2021,WSGT,SPREAD,2021_08_NE_LAC,LAC,-2.5
2021,WSGT,SPREAD,2021_08_NE_LAC,NE,2.5
2021,WSGT,TOTAL,2021_08_NE_LAC,Over,46.5
2021,WSGT,TOTAL,2021_08_NE_LAC,Under,46.5
2021,WSGT,SPREAD,2021_08_JAX_SEA,SEA,-7.0
2021,WSGT,SPREAD,2021_08_JAX_SEA,JAX,7.0
2021,WSGT,TOTAL,2021_08_JAX_SEA,Over,48.0
2021,WSGT,TOTAL,2021_08_JAX_SEA,Under,48.0
2021,WSGT,SPREAD,2021_08_WAS_DEN,DEN,-3.0
2021,WSGT,SPREAD,2021_08_WAS_DEN,WAS,3.0
2021,WSGT,TOTAL,2021_08_WAS_DEN,Over,43.0
2021,WSGT,TOTAL,2021_08_WAS_DEN,Under,43.0
2021,WSGT,SPREAD,2021_08_TB_NO,TB,-2.5
2021,WSGT,SPREAD,2021_08_TB_NO,NO,2.5
2021,WSGT,TOTAL,2021_08_TB_NO,Over,51.5
2021,WSGT,TOTAL,2021_08_TB_NO,Under,51.5
2021,WSGT,SPREAD,2021_08_DAL_MIN,MIN,-2.0
2021,WSGT,SPREAD,2021_08_DAL_MIN,DAL,2.0
2021,WSGT,TOTAL,2021_08_DAL_MIN,Over,49.5
2021,WSGT,TOTAL,2021_08_DAL_MIN,Under,49.5
2021,WSGT,SPREAD,2021_08_NYG_KC,KC,-10.0
2021,WSGT,SPREAD,2021_08_NYG_KC,NYG,10.0
2021,WSGT,TOTAL,2021_08_NYG_KC,Over,49.0
2021,WSGT,TOTAL,2021_08_NYG_KC,Under,49.0
2021,WSGT,SPREAD,2021_09_NYJ_IND,IND,-8.5
2021,WSGT,SPREAD,2021_09_NYJ_IND,NYJ,8.5
2021,WSGT,TOTAL,2021_09_NYJ_IND,Over,48.0
2021,WSGT,TOTAL,2021_09_NYJ_IND,Under,48.0
2021,WSGT,SPREAD,2021_09_ATL_NO,NO,-6.0
2021,WSGT,SPREAD,2021_09_ATL_NO,ATL,6.0
2021,WSGT,TOTAL,2021_09_ATL_NO,Over,50.0
2021,WSGT,TOTAL,2021_09_ATL_NO,Under,50.0
2021,WSGT,SPREAD,2021_09_DEN_DAL,DAL,-4.5
2021,WSGT,SPREAD,2021_09_DEN_DAL,DEN,4.5
2021,WSGT,TOTAL,2021_09_DEN_DAL,Over,47.0
2021,WSGT,TOTAL,2021_09_DEN_DAL,Under,47.0
2021,WSGT,SPREAD,2021_09_NE_CAR,NE,0.0
2021,WSGT,SPREAD,2021_09_NE_CAR,CAR,0.0
2021,WSGT,TOTAL,2021_09_NE_CAR,Over,46.5
2021,WSGT,TOTAL,2021_09_NE_CAR,Under,46.5
2021,WSGT,SPREAD,2021_09_MIN_BAL,BAL,-7.0
2021,WSGT,SPREAD,2021_09_MIN_BAL,MIN,7.0
2021,WSGT,TOTAL,2021_09_MIN_BAL,Over,49.0
2021,WSGT,TOTAL,2021_09_MIN_BAL,Under,49.0
2021,WSGT,SPREAD,2021_09_CLE_CIN,CLE,-4.5
2021,WSGT,SPREAD,2021_09_CLE_CIN,CIN,4.5
2021,WSGT,TOTAL,2021_09_CLE_CIN,Over,48.0
2021,WSGT,TOTAL,2021_09_CLE_CIN,Under,48.0
2021,WSGT,SPREAD,2021_09_BUF_JAX,BUF,-6.5
2021,WSGT,SPREAD,2021_09_BUF_JAX,JAX,6.5
2021,WSGT,TOTAL,2021_09_BUF_JAX,Over,51.0
2021,WSGT,TOTAL,2021_09_BUF_JAX,Under,51.0
2021,WSGT,SPREAD,2021_09_HOU_MIA,MIA,-7.5
2021,WSGT,SPREAD,2021_09_HOU_MIA,HOU,7.5
2021,WSGT,TOTAL,2021_09_HOU_MIA,Over,46.5
2021,WSGT,TOTAL,2021_09_HOU_MIA,Under,46.5
2021,WSGT,SPREAD,2021_09_LV_NYG,NYG,-1.5
2021,WSGT,SPREAD,2021_09_LV_NYG,LV,1.5
2021,WSGT,TOTAL,2021_09_LV_NYG,Over,47.5
2021,WSGT,TOTAL,2021_09_LV_NYG,Under,47.5
2021,WSGT,SPREAD,2021_09_LAC_PHI,LAC,-2.0
2021,WSGT,SPREAD,2021_09_LAC_PHI,PHI,2.0
2021,WSGT,TOTAL,2021_09_LAC_PHI,Over,48.0
2021,WSGT,TOTAL,2021_09_LAC_PHI,Under,48.0
2021,WSGT,SPREAD,2021_09_GB_KC,KC,-7.0
2021,WSGT,SPREAD,2021_09_GB_KC,GB,7.0
2021,WSGT,TOTAL,2021_09_GB_KC,Over,52.5
2021,WSGT,TOTAL,2021_09_GB_KC,Under,52.5
2021,WSGT,SPREAD,2021_09_ARI_SF,SF,-5.5
2021,WSGT,SPREAD,2021_09_ARI_SF,ARI,5.5
2021,WSGT,TOTAL,2021_09_ARI_SF,Over,47.0
2021,WSGT,TOTAL,2021_09_ARI_SF,Under,47.0
2021,WSGT,SPREAD,2021_09_TEN_LA,LA,-5.5
2021,WSGT,SPREAD,2021_09_TEN_LA,TEN,5.5
2021,WSGT,TOTAL,2021_09_TEN_LA,Over,49.5
2021,WSGT,TOTAL,2021_09_TEN_LA,Under,49.5
2021,WSGT,SPREAD,2021_09_CHI_PIT,PIT,-5.5
2021,WSGT,SPREAD,2021_09_CHI_PIT,CHI,5.5
2021,WSGT,TOTAL,2021_09_CHI_PIT,Over,45.5
2021,WSGT,TOTAL,2021_09_CHI_PIT,Under,45.5
2021,WSGT,SPREAD,2021_10_BAL_MIA,BAL,-3.0
2021,WSGT,SPREAD,2021_10_BAL_MIA,MIA,3.0
2021,WSGT,TOTAL,2021_10_BAL_MIA,Over,48.0
2021,WSGT,TOTAL,2021_10_BAL_MIA,Under,48.0
2021,WSGT,SPREAD,2021_10_BUF_NYJ,BUF,-7.0
2021,WSGT,SPREAD,2021_10_BUF_NYJ,NYJ,7.0
2021,WSGT,TOTAL,2021_10_BUF_NYJ,Over,48.0
2021,WSGT,TOTAL,2021_10_BUF_NYJ,Under,48.0
2021,WSGT,SPREAD,2021_10_TB_WAS,TB,-7.0
2021,WSGT,SPREAD,2021_10_TB_WAS,WAS,7.0
2021,WSGT,TOTAL,2021_10_TB_WAS,Over,50.5
2021,WSGT,TOTAL,2021_10_TB_WAS,Under,50.5
2021,WSGT,SPREAD,2021_10_ATL_DAL,DAL,-5.5
2021,WSGT,SPREAD,2021_10_ATL_DAL,ATL,5.5
2021,WSGT,TOTAL,2021_10_ATL_DAL,Over,51.5
2021,WSGT,TOTAL,2021_10_ATL_DAL,Under,51.5
2021,WSGT,SPREAD,2021_10_NO_TEN,TEN,-2.5
2021,WSGT,SPREAD,2021_10_NO_TEN,NO,2.5
2021,WSGT,TOTAL,2021_10_NO_TEN,Over,49.5
2021,WSGT,TOTAL,2021_10_NO_TEN,Under,49.5
2021,WSGT,SPREAD,2021_10_JAX_IND,IND,-7.5
2021,WSGT,SPREAD,2021_10_JAX_IND,JAX,7.5
2021,WSGT,TOTAL,2021_10_JAX_IND,Over,51.0
2021,WSGT,TOTAL,2021_10_JAX_IND,Under,51.0
2021,WSGT,SPREAD,2021_10_DET_PIT,PIT,-7.5
2021,WSGT,SPREAD,2021_10_DET_PIT,DET,7.5
2021,WSGT,TOTAL,2021_10_DET_PIT,Over,45.5
2021,WSGT,TOTAL,2021_10_DET_PIT,Under,45.5
2021,WSGT,SPREAD,2021_10_CLE_NE,CLE,-2.0
2021,WSGT,SPREAD,2021_10_CLE_NE,NE,2.0
2021,WSGT,TOTAL,2021_10_CLE_NE,Over,46.0
2021,WSGT,TOTAL,2021_10_CLE_NE,Under,46.0
2021,WSGT,SPREAD,2021_10_MIN_LAC,LAC,-3.0
2021,WSGT,SPREAD,2021_10_MIN_LAC,MIN,3.0
2021,WSGT,TOTAL,2021_10_MIN_LAC,Over,48.5
2021,WSGT,TOTAL,2021_10_MIN_LAC,Under,48.5
2021,WSGT,SPREAD,2021_10_CAR_ARI,ARI,-6.0
2021,WSGT,SPREAD,2021_10_CAR_ARI,CAR,6.0
2021,WSGT,TOTAL,2021_10_CAR_ARI,Over,49.5
2021,WSGT,TOTAL,2021_10_CAR_ARI,Under,49.5
2021,WSGT,SPREAD,2021_10_PHI_DEN,DEN,-4.5
2021,WSGT,SPREAD,2021_10_PHI_DEN,PHI,4.5
2021,WSGT,TOTAL,2021_10_PHI_DEN,Over,45.5
2021,WSGT,TOTAL,2021_10_PHI_DEN,Under,45.5
2021,WSGT,SPREAD,2021_10_SEA_GB,GB,-3.0
2021,WSGT,SPREAD,2021_10_SEA_GB,SEA,3.0
2021,WSGT,TOTAL,2021_10_SEA_GB,Over,49.5
2021,WSGT,TOTAL,2021_10_SEA_GB,Under,49.5
2021,WSGT,SPREAD,2021_10_KC_LV,KC,-7.5
2021,WSGT,SPREAD,2021_10_KC_LV,LV,7.5
2021,WSGT,TOTAL,2021_10_KC_LV,Over,53.5
2021,WSGT,TOTAL,2021_10_KC_LV,Under,53.5
2021,WSGT,SPREAD,2021_10_LA_SF,SF,-3.0
2021,WSGT,SPREAD,2021_10_LA_SF,LA,3.0
2021,WSGT,TOTAL,2021_10_LA_SF,Over,45.5
2021,WSGT,TOTAL,2021_10_LA_SF,Under,45.5
2021,WSGT,SPREAD,2021_11_NE_ATL,ATL,-1.5
2021,WSGT,SPREAD,2021_11_NE_ATL,NE,1.5
2021,WSGT,TOTAL,2021_11_NE_ATL,Over,48.0
2021,WSGT,TOTAL,2021_11_NE_ATL,Under,48.0
2021,WSGT,SPREAD,2021_11_NO_PHI,NO,-3.5
2021,WSGT,SPREAD,2021_11_NO_PHI,PHI,3.5
2021,WSGT,TOTAL,2021_11_NO_PHI,Over,48.0
2021,WSGT,TOTAL,2021_11_NO_PHI,Under,48.0
2021,WSGT,SPREAD,2021_11_MIA_NYJ,MIA,-3.0
2021,WSGT,SPREAD,2021_11_MIA_NYJ,NYJ,3.0
2021,WSGT,TOTAL,2021_11_MIA_NYJ,Over,44.0
2021,WSGT,TOTAL,2021_11_MIA_NYJ,Under,44.0
2021,WSGT,SPREAD,2021_11_WAS_CAR,CAR,-1.0
2021,WSGT,SPREAD,2021_11_WAS_CAR,WAS,1.0
2021,WSGT,TOTAL,2021_11_WAS_CAR,Over,46.5
2021,WSGT,TOTAL,2021_11_WAS_CAR,Under,46.5
2021,WSGT,SPREAD,2021_11_IND_BUF,BUF,-6.0
2021,WSGT,SPREAD,2021_11_IND_BUF,IND,6.0
2021,WSGT,TOTAL,2021_11_IND_BUF,Over,51.5
2021,WSGT,TOTAL,2021_11_IND_BUF,Under,51.5
2021,WSGT,SPREAD,2021_11_DET_CLE,CLE,-10.0
2021,WSGT,SPREAD,2021_11_DET_CLE,DET,10.0
2021,WSGT,TOTAL,2021_11_DET_CLE,Over,47.0
2021,WSGT,TOTAL,2021_11_DET_CLE,Under,47.0
2021,WSGT,SPREAD,2021_11_SF_JAX,SF,-4.0
2021,WSGT,SPREAD,2021_11_SF_JAX,JAX,4.0
2021,WSGT,TOTAL,2021_11_SF_JAX,Over,45.5
2021,WSGT,TOTAL,2021_11_SF_JAX,Under,45.5
2021,WSGT,SPREAD,2021_11_HOU_TEN,TEN,-8.5
2021,WSGT,SPREAD,2021_11_HOU_TEN,HOU,8.5
2021,WSGT,TOTAL,2021_11_HOU_TEN,Over,50.0
2021,WSGT,TOTAL,2021_11_HOU_TEN,Under,50.0
2021,WSGT,SPREAD,2021_11_GB_MIN,MIN,-3.0
2021,WSGT,SPREAD,2021_11_GB_MIN,GB,3.0
2021,WSGT,TOTAL,2021_11_GB_MIN,Over,47.0
2021,WSGT,TOTAL,2021_11_GB_MIN,Under,47.0
2021,WSGT,SPREAD,2021_11_BAL_CHI,BAL,-3.5
2021,WSGT,SPREAD,2021_11_BAL_CHI,CHI,3.5
2021,WSGT,TOTAL,2021_11_BAL_CHI,Over,45.5
2021,WSGT,TOTAL,2021_11_BAL_CHI,Under,45.5
2021,WSGT,SPREAD,2021_11_CIN_LV,LV,-4.5
2021,WSGT,SPREAD,2021_11_CIN_LV,CIN,4.5
2021,WSGT,TOTAL,2021_11_CIN_LV,Over,50.0
2021,WSGT,TOTAL,2021_11_CIN_LV,Under,50.0
2021,WSGT,SPREAD,2021_11_ARI_SEA,SEA,-3.5
2021,WSGT,SPREAD,2021_11_ARI_SEA,ARI,3.5
2021,WSGT,TOTAL,2021_11_ARI_SEA,Over,50.5
2021,WSGT,TOTAL,2021_11_ARI_SEA,Under,50.5
2021,WSGT,SPREAD,2021_11_DAL_KC,KC,-7.5
2021,WSGT,SPREAD,2021_11_DAL_KC,DAL,7.5
2021,WSGT,TOTAL,2021_11_DAL_KC,Over,55.0
2021,WSGT,TOTAL,2021_11_DAL_KC,Under,55.0
2021,WSGT,SPREAD,2021_11_PIT_LAC,LAC,-2.5
2021,WSGT,SPREAD,2021_11_PIT_LAC,PIT,2.5
2021,WSGT,TOTAL,2021_11_PIT_LAC,Over,48.0
2021,WSGT,TOTAL,2021_11_PIT_LAC,Under,48.0
2021,WSGT,SPREAD,2021_11_NYG_TB,TB,-10.0
2021,WSGT,SPREAD,2021_11_NYG_TB,NYG,10.0
2021,WSGT,TOTAL,2021_11_NYG_TB,Over,50.5
2021,WSGT,TOTAL,2021_11_NYG_TB,Under,50.5
2021,WSGT,SPREAD,2021_12_CHI_DET,CHI,-3.0
2021,WSGT,SPREAD,2021_12_CHI_DET,DET,3.0
2021,WSGT,TOTAL,2021_12_CHI_DET,Over,45.0
2021,WSGT,TOTAL,2021_12_CHI_DET,Under,45.0
2021,WSGT,SPREAD,2021_12_LV_DAL,DAL,-5.5
2021,WSGT,SPREAD,2021_12_LV_DAL,LV,5.5
2021,WSGT,TOTAL,2021_12_LV_DAL,Over,53.0
2021,WSGT,TOTAL,2021_12_LV_DAL,Under,53.0
2021,WSGT,SPREAD,2021_12_BUF_NO,BUF,-1.5
2021,WSGT,SPREAD,2021_12_BUF_NO,NO,1.5
2021,WSGT,TOTAL,2021_12_BUF_NO,Over,52.0
2021,WSGT,TOTAL,2021_12_BUF_NO,Under,52.0
2021,WSGT,SPREAD,2021_12_TB_IND,TB,0.0
2021,WSGT,SPREAD,2021_12_TB_IND,IND,0.0
2021,WSGT,TOTAL,2021_12_TB_IND,Over,51.5
2021,WSGT,TOTAL,2021_12_TB_IND,Under,51.5
2021,WSGT,SPREAD,2021_12_NYJ_HOU,NYJ,-1.0
2021,WSGT,SPREAD,2021_12_NYJ_HOU,HOU,1.0
2021,WSGT,TOTAL,2021_12_NYJ_HOU,Over,47.0
2021,WSGT,TOTAL,2021_12_NYJ_HOU,Under,47.0
2021,WSGT,SPREAD,2021_12_PHI_NYG,NYG,-3.0
2021,WSGT,SPREAD,2021_12_PHI_NYG,PHI,3.0
2021,WSGT,TOTAL,2021_12_PHI_NYG,Over,46.5
2021,WSGT,TOTAL,2021_12_PHI_NYG,Under,46.5
2021,WSGT,SPREAD,2021_12_CAR_MIA,MIA,-4.5
2021,WSGT,SPREAD,2021_12_CAR_MIA,CAR,4.5
2021,WSGT,TOTAL,2021_12_CAR_MIA,Over,45.5
2021,WSGT,TOTAL,2021_12_CAR_MIA,Under,45.5
2021,WSGT,SPREAD,2021_12_TEN_NE,NE,-1.0
2021,WSGT,SPREAD,2021_12_TEN_NE,TEN,1.0
2021,WSGT,TOTAL,2021_12_TEN_NE,Over,48.0
2021,WSGT,TOTAL,2021_12_TEN_NE,Under,48.0
2021,WSGT,SPREAD,2021_12_PIT_CIN,PIT,-3.0
2021,WSGT,SPREAD,2021_12_PIT_CIN,CIN,3.0
2021,WSGT,TOTAL,2021_12_PIT_CIN,Over,46.0
2021,WSGT,TOTAL,2021_12_PIT_CIN,Under,46.0
2021,WSGT,SPREAD,2021_12_ATL_JAX,ATL,0.0
2021,WSGT,SPREAD,2021_12_ATL_JAX,JAX,0.0
2021,WSGT,TOTAL,2021_12_ATL_JAX,Over,51.0
2021,WSGT,TOTAL,2021_12_ATL_JAX,Under,51.0
2021,WSGT,SPREAD,2021_12_LAC_DEN,DEN,-2.5
2021,WSGT,SPREAD,2021_12_LAC_DEN,LAC,2.5
2021,WSGT,TOTAL,2021_12_LAC_DEN,Over,45.5
2021,WSGT,TOTAL,2021_12_LAC_DEN,Under,45.5
2021,WSGT,SPREAD,2021_12_LA_GB,LA,-1.0
2021,WSGT,SPREAD,2021_12_LA_GB,GB,1.0
2021,WSGT,TOTAL,2021_12_LA_GB,Over,45.5
2021,WSGT,TOTAL,2021_12_LA_GB,Under,45.5
2021,WSGT,SPREAD,2021_12_MIN_SF,SF,-7.0
2021,WSGT,SPREAD,2021_12_MIN_SF,MIN,7.0
2021,WSGT,TOTAL,2021_12_MIN_SF,Over,46.5
2021,WSGT,TOTAL,2021_12_MIN_SF,Under,46.5
2021,WSGT,SPREAD,2021_12_CLE_BAL,BAL,-3.5
2021,WSGT,SPREAD,2021_12_CLE_BAL,CLE,3.5
2021,WSGT,TOTAL,2021_12_CLE_BAL,Over,46.5
2021,WSGT,TOTAL,2021_12_CLE_BAL,Under,46.5
2021,WSGT,SPREAD,2021_12_SEA_WAS,SEA,-2.5
2021,WSGT,SPREAD,2021_12_SEA_WAS,WAS,2.5
2021,WSGT,TOTAL,2021_12_SEA_WAS,Over,46.5
2021,WSGT,TOTAL,2021_12_SEA_WAS,Under,46.5
2021,WSGT,SPREAD,2021_13_DAL_NO,NO,-3.5
2021,WSGT,SPREAD,2021_13_DAL_NO,DAL,3.5
2021,WSGT,TOTAL,2021_13_DAL_NO,Over,50.0
2021,WSGT,TOTAL,2021_13_DAL_NO,Under,50.0
2021,WSGT,SPREAD,2021_13_NYG_MIA,MIA,-3.5
2021,WSGT,SPREAD,2021_13_NYG_MIA,NYG,3.5
2021,WSGT,TOTAL,2021_13_NYG_MIA,Over,45.5
2021,WSGT,TOTAL,2021_13_NYG_MIA,Under,45.5
2021,WSGT,SPREAD,2021_13_IND_HOU,IND,-7.0
2021,WSGT,SPREAD,2021_13_IND_HOU,HOU,7.0
2021,WSGT,TOTAL,2021_13_IND_HOU,Over,49.0
2021,WSGT,TOTAL,2021_13_IND_HOU,Under,49.0
2021,WSGT,SPREAD,2021_13_MIN_DET,MIN,-4.0
2021,WSGT,SPREAD,2021_13_MIN_DET,DET,4.0
2021,WSGT,TOTAL,2021_13_MIN_DET,Over,46.0
2021,WSGT,TOTAL,2021_13_MIN_DET,Under,46.0
2021,WSGT,SPREAD,2021_13_PHI_NYJ,NYJ,-1.5
2021,WSGT,SPREAD,2021_13_PHI_NYJ,PHI,1.5
2021,WSGT,TOTAL,2021_13_PHI_NYJ,Over,45.0
2021,WSGT,TOTAL,2021_13_PHI_NYJ,Under,45.0
2021,WSGT,SPREAD,2021_13_DEN_KC,KC,-9.5
2021,WSGT,SPREAD,2021_13_DEN_KC,DEN,9.5
2021,WSGT,TOTAL,2021_13_DEN_KC,Over,50.0
2021,WSGT,TOTAL,2021_13_DEN_KC,Under,50.0
2021,WSGT,SPREAD,2021_13_ARI_CHI,ARI,-1.5
2021,WSGT,SPREAD,2021_13_ARI_CHI,CHI,1.5
2021,WSGT,TOTAL,2021_13_ARI_CHI,Over,46.0
2021,WSGT,TOTAL,2021_13_ARI_CHI,Under,46.0
2021,WSGT,SPREAD,2021_13_LAC_CIN,LAC,-2.5
2021,WSGT,SPREAD,2021_13_LAC_CIN,CIN,2.5
2021,WSGT,TOTAL,2021_13_LAC_CIN,Over,46.5
2021,WSGT,TOTAL,2021_13_LAC_CIN,Under,46.5
2021,WSGT,SPREAD,2021_13_TB_ATL,TB,-4.5
2021,WSGT,SPREAD,2021_13_TB_ATL,ATL,4.5
2021,WSGT,TOTAL,2021_13_TB_ATL,Over,52.0
2021,WSGT,TOTAL,2021_13_TB_ATL,Under,52.0
2021,WSGT,SPREAD,2021_13_WAS_LV,LV,-2.5
2021,WSGT,SPREAD,2021_13_WAS_LV,WAS,2.5
2021,WSGT,TOTAL,2021_13_WAS_LV,Over,47.5
2021,WSGT,TOTAL,2021_13_WAS_LV,Under,47.5
2021,WSGT,SPREAD,2021_13_JAX_LA,LA,-9.5
2021,WSGT,SPREAD,2021_13_JAX_LA,JAX,9.5
2021,WSGT,TOTAL,2021_13_JAX_LA,Over,47.0
2021,WSGT,TOTAL,2021_13_JAX_LA,Under,47.0
2021,WSGT,SPREAD,2021_13_BAL_PIT,BAL,-2.5
2021,WSGT,SPREAD,2021_13_BAL_PIT,PIT,2.5
2021,WSGT,TOTAL,2021_13_BAL_PIT,Over,45.5
2021,WSGT,TOTAL,2021_13_BAL_PIT,Under,45.5
2021,WSGT,SPREAD,2021_13_SF_SEA,SEA,-1.5
2021,WSGT,SPREAD,2021_13_SF_SEA,SF,1.5
2021,WSGT,TOTAL,2021_13_SF_SEA,Over,45.5
2021,WSGT,TOTAL,2021_13_SF_SEA,Under,45.5
2021,WSGT,SPREAD,2021_13_NE_BUF,BUF,-7.0
2021,WSGT,SPREAD,2021_13_NE_BUF,NE,7.0
2021,WSGT,TOTAL,2021_13_NE_BUF,Over,48.0
2021,WSGT,TOTAL,2021_13_NE_BUF,Under,48.0
2021,WSGT,SPREAD,2021_14_PIT_MIN,MIN,-2.5
2021,WSGT,SPREAD,2021_14_PIT_MIN,PIT,2.5
2021,WSGT,TOTAL,2021_14_PIT_MIN,Over,46.5
2021,WSGT,TOTAL,2021_14_PIT_MIN,Under,46.5
2021,WSGT,SPREAD,2021_14_DAL_WAS,WAS,-1.5
2021,WSGT,SPREAD,2021_14_DAL_WAS,DAL,1.5
2021,WSGT,TOTAL,2021_14_DAL_WAS,Over,47.5
2021,WSGT,TOTAL,2021_14_DAL_WAS,Under,47.5
2021,WSGT,SPREAD,2021_14_SF_CIN,SF,-3.5
2021,WSGT,SPREAD,2021_14_SF_CIN,CIN,3.5
2021,WSGT,TOTAL,2021_14_SF_CIN,Over,46.0
2021,WSGT,TOTAL,2021_14_SF_CIN,Under,46.0
2021,WSGT,SPREAD,2021_14_JAX_TEN,TEN,-6.0
2021,WSGT,SPREAD,2021_14_JAX_TEN,JAX,6.0
2021,WSGT,TOTAL,2021_14_JAX_TEN,Over,51.5
2021,WSGT,TOTAL,2021_14_JAX_TEN,Under,51.5
2021,WSGT,SPREAD,2021_14_SEA_HOU,SEA,-7.0
2021,WSGT,SPREAD,2021_14_SEA_HOU,HOU,7.0
2021,WSGT,TOTAL,2021_14_SEA_HOU,Over,48.5
2021,WSGT,TOTAL,2021_14_SEA_HOU,Under,48.5
2021,WSGT,SPREAD,2021_14_LV_KC,KC,-10.5
2021,WSGT,SPREAD,2021_14_LV_KC,LV,10.5
2021,WSGT,TOTAL,2021_14_LV_KC,Over,53.0
2021,WSGT,TOTAL,2021_14_LV_KC,Under,53.0
2021,WSGT,SPREAD,2021_14_NO_NYJ,NO,-3.0
2021,WSGT,SPREAD,2021_14_NO_NYJ,NYJ,3.0
2021,WSGT,TOTAL,2021_14_NO_NYJ,Over,46.5
2021,WSGT,TOTAL,2021_14_NO_NYJ,Under,46.5
2021,WSGT,SPREAD,2021_14_ATL_CAR,CAR,-1.5
2021,WSGT,SPREAD,2021_14_ATL_CAR,ATL,1.5
2021,WSGT,TOTAL,2021_14_ATL_CAR,Over,48.5
2021,WSGT,TOTAL,2021_14_ATL_CAR,Under,48.5
2021,WSGT,SPREAD,2021_14_BAL_CLE,CLE,-2.5
2021,WSGT,SPREAD,2021_14_BAL_CLE,BAL,2.5
2021,WSGT,TOTAL,2021_14_BAL_CLE,Over,46.5
2021,WSGT,TOTAL,2021_14_BAL_CLE,Under,46.5
2021,WSGT,SPREAD,2021_14_NYG_LAC,LAC,-6.0
2021,WSGT,SPREAD,2021_14_NYG_LAC,NYG,6.0
2021,WSGT,TOTAL,2021_14_NYG_LAC,Over,47.0
2021,WSGT,TOTAL,2021_14_NYG_LAC,Under,47.0
2021,WSGT,SPREAD,2021_14_DET_DEN,DEN,-7.5
2021,WSGT,SPREAD,2021_14_DET_DEN,DET,7.5
2021,WSGT,TOTAL,2021_14_DET_DEN,Over,43.5
2021,WSGT,TOTAL,2021_14_DET_DEN,Under,43.5
2021,WSGT,SPREAD,2021_14_BUF_TB,TB,-4.0
2021,WSGT,SPREAD,2021_14_BUF_TB,BUF,4.0
2021,WSGT,TOTAL,2021_14_BUF_TB,Over,53.5
2021,WSGT,TOTAL,2021_14_BUF_TB,Under,53.5
2021,WSGT,SPREAD,2021_14_CHI_GB,GB,-5.5
2021,WSGT,SPREAD,2021_14_CHI_GB,CHI,5.5
2021,WSGT,TOTAL,2021_14_CHI_GB,Over,45.5
2021,WSGT,TOTAL,2021_14_CHI_GB,Under,45.5
2021,WSGT,SPREAD,2021_14_LA_ARI,LA,-2.5
2021,WSGT,SPREAD,2021_14_LA_ARI,ARI,2.5
2021,WSGT,TOTAL,2021_14_LA_ARI,Over,48.0
2021,WSGT,TOTAL,2021_14_LA_ARI,Under,48.0
2021,WSGT,SPREAD,2021_15_KC_LAC,KC,-6.5
2021,WSGT,SPREAD,2021_15_KC_LAC,LAC,6.5
2021,WSGT,TOTAL,2021_15_KC_LAC,Over,52.0
2021,WSGT,TOTAL,2021_15_KC_LAC,Under,52.0
2021,WSGT,SPREAD,2021_15_NYJ_MIA,MIA,-6.5
2021,WSGT,SPREAD,2021_15_NYJ_MIA,NYJ,6.5
2021,WSGT,TOTAL,2021_15_NYJ_MIA,Over,45.5
2021,WSGT,TOTAL,2021_15_NYJ_MIA,Under,45.5
2021,WSGT,SPREAD,2021_15_WAS_PHI,PHI,-1.5
2021,WSGT,SPREAD,2021_15_WAS_PHI,WAS,1.5
2021,WSGT,TOTAL,2021_15_WAS_PHI,Over,46.0
2021,WSGT,TOTAL,2021_15_WAS_PHI,Under,46.0
2021,WSGT,SPREAD,2021_15_LV_CLE,CLE,-6.5
2021,WSGT,SPREAD,2021_15_LV_CLE,LV,6.5
2021,WSGT,TOTAL,2021_15_LV_CLE,Over,50.0
2021,WSGT,TOTAL,2021_15_LV_CLE,Under,50.0
2021,WSGT,SPREAD,2021_15_CAR_BUF,BUF,-9.5
2021,WSGT,SPREAD,2021_15_CAR_BUF,CAR,9.5
2021,WSGT,TOTAL,2021_15_CAR_BUF,Over,49.0
2021,WSGT,TOTAL,2021_15_CAR_BUF,Under,49.0
2021,WSGT,SPREAD,2021_15_NE_IND,IND,-5.5
2021,WSGT,SPREAD,2021_15_NE_IND,NE,5.5
2021,WSGT,TOTAL,2021_15_NE_IND,Over,48.0
2021,WSGT,TOTAL,2021_15_NE_IND,Under,48.0
2021,WSGT,SPREAD,2021_15_DAL_NYG,DAL,-1.0
2021,WSGT,SPREAD,2021_15_DAL_NYG,NYG,1.0
2021,WSGT,TOTAL,2021_15_DAL_NYG,Over,47.0
2021,WSGT,TOTAL,2021_15_DAL_NYG,Under,47.0
2021,WSGT,SPREAD,2021_15_HOU_JAX,JAX,-4.0
2021,WSGT,SPREAD,2021_15_HOU_JAX,HOU,4.0
2021,WSGT,TOTAL,2021_15_HOU_JAX,Over,46.0
2021,WSGT,TOTAL,2021_15_HOU_JAX,Under,46.0
2021,WSGT,SPREAD,2021_15_TEN_PIT,PIT,-3.0
2021,WSGT,SPREAD,2021_15_TEN_PIT,TEN,3.0
2021,WSGT,TOTAL,2021_15_TEN_PIT,Over,47.0
2021,WSGT,TOTAL,2021_15_TEN_PIT,Under,47.0
2021,WSGT,SPREAD,2021_15_GB_BAL,BAL,-5.5
2021,WSGT,SPREAD,2021_15_GB_BAL,GB,5.5
2021,WSGT,TOTAL,2021_15_GB_BAL,Over,47.0
2021,WSGT,TOTAL,2021_15_GB_BAL,Under,47.0
2021,WSGT,SPREAD,2021_15_ARI_DET,ARI,-6.5
2021,WSGT,SPREAD,2021_15_ARI_DET,DET,6.5
2021,WSGT,TOTAL,2021_15_ARI_DET,Over,47.0
2021,WSGT,TOTAL,2021_15_ARI_DET,Under,47.0
2021,WSGT,SPREAD,2021_15_CIN_DEN,DEN,-5.5
2021,WSGT,SPREAD,2021_15_CIN_DEN,CIN,5.5
2021,WSGT,TOTAL,2021_15_CIN_DEN,Over,45.0
2021,WSGT,TOTAL,2021_15_CIN_DEN,Under,45.0
2021,WSGT,SPREAD,2021_15_ATL_SF,SF,-8.5
2021,WSGT,SPREAD,2021_15_ATL_SF,ATL,8.5
2021,WSGT,TOTAL,2021_15_ATL_SF,Over,46.5
2021,WSGT,TOTAL,2021_15_ATL_SF,Under,46.5
2021,WSGT,SPREAD,2021_15_SEA_LA,LA,-4.0
2021,WSGT,SPREAD,2021_15_SEA_LA,SEA,4.0
2021,WSGT,TOTAL,2021_15_SEA_LA,Over,48.0
2021,WSGT,TOTAL,2021_15_SEA_LA,Under,48.0
2021,WSGT,SPREAD,2021_15_NO_TB,TB,-7.0
2021,WSGT,SPREAD,2021_15_NO_TB,NO,7.0
2021,WSGT,TOTAL,2021_15_NO_TB,Over,52.0
2021,WSGT,TOTAL,2021_15_NO_TB,Under,52.0
2021,WSGT,SPREAD,2021_15_MIN_CHI,MIN,-1.0
2021,WSGT,SPREAD,2021_15_MIN_CHI,CHI,1.0
2021,WSGT,TOTAL,2021_15_MIN_CHI,Over,42.5
2021,WSGT,TOTAL,2021_15_MIN_CHI,Under,42.5
2021,WSGT,SPREAD,2021_16_SF_TEN,SF,-2.0
2021,WSGT,SPREAD,2021_16_SF_TEN,TEN,2.0
2021,WSGT,TOTAL,2021_16_SF_TEN,Over,46.5
2021,WSGT,TOTAL,2021_16_SF_TEN,Under,46.5
2021,WSGT,SPREAD,2021_16_CLE_GB,CLE,0.0
2021,WSGT,SPREAD,2021_16_CLE_GB,GB,0.0
2021,WSGT,TOTAL,2021_16_CLE_GB,Over,45.0
2021,WSGT,TOTAL,2021_16_CLE_GB,Under,45.0
2021,WSGT,SPREAD,2021_16_IND_ARI,ARI,-1.0
2021,WSGT,SPREAD,2021_16_IND_ARI,IND,1.0
2021,WSGT,TOTAL,2021_16_IND_ARI,Over,50.0
2021,WSGT,TOTAL,2021_16_IND_ARI,Under,50.0
2021,WSGT,SPREAD,2021_16_NYG_PHI,PHI,-1.5
2021,WSGT,SPREAD,2021_16_NYG_PHI,NYG,1.5
2021,WSGT,TOTAL,2021_16_NYG_PHI,Over,46.0
2021,WSGT,TOTAL,2021_16_NYG_PHI,Under,46.0
2021,WSGT,SPREAD,2021_16_LA_MIN,LA,-2.5
2021,WSGT,SPREAD,2021_16_LA_MIN,MIN,2.5
2021,WSGT,TOTAL,2021_16_LA_MIN,Over,48.0
2021,WSGT,TOTAL,2021_16_LA_MIN,Under,48.0
2021,WSGT,SPREAD,2021_16_BUF_NE,BUF,-3.5
2021,WSGT,SPREAD,2021_16_BUF_NE,NE,3.5
2021,WSGT,TOTAL,2021_16_BUF_NE,Over,47.5
2021,WSGT,TOTAL,2021_16_BUF_NE,Under,47.5
2021,WSGT,SPREAD,2021_16_TB_CAR,TB,-6.5
2021,WSGT,SPREAD,2021_16_TB_CAR,CAR,6.5
2021,WSGT,TOTAL,2021_16_TB_CAR,Over,51.0
2021,WSGT,TOTAL,2021_16_TB_CAR,Under,51.0
2021,WSGT,SPREAD,2021_16_JAX_NYJ,NYJ,-1.5
2021,WSGT,SPREAD,2021_16_JAX_NYJ,JAX,1.5
2021,WSGT,TOTAL,2021_16_JAX_NYJ,Over,44.5
2021,WSGT,TOTAL,2021_16_JAX_NYJ,Under,44.5
2021,WSGT,SPREAD,2021_16_DET_ATL,ATL,-7.5
2021,WSGT,SPREAD,2021_16_DET_ATL,DET,7.5
2021,WSGT,TOTAL,2021_16_DET_ATL,Over,49.0
2021,WSGT,TOTAL,2021_16_DET_ATL,Under,49.0
2021,WSGT,SPREAD,2021_16_LAC_HOU,LAC,-4.5
2021,WSGT,SPREAD,2021_16_LAC_HOU,HOU,4.5
2021,WSGT,TOTAL,2021_16_LAC_HOU,Over,47.0
2021,WSGT,TOTAL,2021_16_LAC_HOU,Under,47.0
2021,WSGT,SPREAD,2021_16_BAL_CIN,BAL,-6.5
2021,WSGT,SPREAD,2021_16_BAL_CIN,CIN,6.5
2021,WSGT,TOTAL,2021_16_BAL_CIN,Over,47.5
2021,WSGT,TOTAL,2021_16_BAL_CIN,Under,47.5
2021,WSGT,SPREAD,2021_16_CHI_SEA,SEA,-5.5
2021,WSGT,SPREAD,2021_16_CHI_SEA,CHI,5.5
2021,WSGT,TOTAL,2021_16_CHI_SEA,Over,45.0
2021,WSGT,TOTAL,2021_16_CHI_SEA,Under,45.0
2021,WSGT,SPREAD,2021_16_PIT_KC,KC,-8.5
2021,WSGT,SPREAD,2021_16_PIT_KC,PIT,8.5
2021,WSGT,TOTAL,2021_16_PIT_KC,Over,50.0
2021,WSGT,TOTAL,2021_16_PIT_KC,Under,50.0
2021,WSGT,SPREAD,2021_16_DEN_LV,LV,-2.5
2021,WSGT,SPREAD,2021_16_DEN_LV,DEN,2.5
2021,WSGT,TOTAL,2021_16_DEN_LV,Over,47.0
2021,WSGT,TOTAL,2021_16_DEN_LV,Under,47.0
2021,WSGT,SPREAD,2021_16_WAS_DAL,DAL,-5.5
2021,WSGT,SPREAD,2021_16_WAS_DAL,WAS,5.5
2021,WSGT,TOTAL,2021_16_WAS_DAL,Over,48.0
2021,WSGT,TOTAL,2021_16_WAS_DAL,Under,48.0
2021,WSGT,SPREAD,2021_16_MIA_NO,NO,-3.5
2021,WSGT,SPREAD,2021_16_MIA_NO,MIA,3.5
2021,WSGT,TOTAL,2021_16_MIA_NO,Over,46.5
2021,WSGT,TOTAL,2021_16_MIA_NO,Under,46.5
2021,WSGT,SPREAD,2021_17_PHI_WAS,WAS,-3.0
2021,WSGT,SPREAD,2021_17_PHI_WAS,PHI,3.0
2021,WSGT,TOTAL,2021_17_PHI_WAS,Over,44.5
2021,WSGT,TOTAL,2021_17_PHI_WAS,Under,44.5
2021,WSGT,SPREAD,2021_17_CAR_NO,NO,-6.5
2021,WSGT,SPREAD,2021_17_CAR_NO,CAR,6.5
2021,WSGT,TOTAL,2021_17_CAR_NO,Over,48.0
2021,WSGT,TOTAL,2021_17_CAR_NO,Under,48.0
2021,WSGT,SPREAD,2021_17_TB_NYJ,TB,-8.5
2021,WSGT,SPREAD,2021_17_TB_NYJ,NYJ,8.5
2021,WSGT,TOTAL,2021_17_TB_NYJ,Over,47.0
2021,WSGT,TOTAL,2021_17_TB_NYJ,Under,47.0
2021,WSGT,SPREAD,2021_17_MIA_TEN,TEN,-3.0
2021,WSGT,SPREAD,2021_17_MIA_TEN,MIA,3.0
2021,WSGT,TOTAL,2021_17_MIA_TEN,Over,47.0
2021,WSGT,TOTAL,2021_17_MIA_TEN,Under,47.0
2021,WSGT,SPREAD,2021_17_JAX_NE,NE,-5.5
2021,WSGT,SPREAD,2021_17_JAX_NE,JAX,5.5
2021,WSGT,TOTAL,2021_17_JAX_NE,Over,43.5
2021,WSGT,TOTAL,2021_17_JAX_NE,Under,43.5
2021,WSGT,SPREAD,2021_17_LV_IND,IND,-6.0
2021,WSGT,SPREAD,2021_17_LV_IND,LV,6.0
2021,WSGT,TOTAL,2021_17_LV_IND,Over,49.5
2021,WSGT,TOTAL,2021_17_LV_IND,Under,49.5
2021,WSGT,SPREAD,2021_17_KC_CIN,KC,-7.5
2021,WSGT,SPREAD,2021_17_KC_CIN,CIN,7.5
2021,WSGT,TOTAL,2021_17_KC_CIN,Over,49.5
2021,WSGT,TOTAL,2021_17_KC_CIN,Under,49.5
2021,WSGT,SPREAD,2021_17_NYG_CHI,CHI,-2.0
2021,WSGT,SPREAD,2021_17_NYG_CHI,NYG,2.0
2021,WSGT,TOTAL,2021_17_NYG_CHI,Over,42.0
2021,WSGT,TOTAL,2021_17_NYG_CHI,Under,42.0
2021,WSGT,SPREAD,2021_17_ATL_BUF,BUF,-8.5
2021,WSGT,SPREAD,2021_17_ATL_BUF,ATL,8.5
2021,WSGT,TOTAL,2021_17_ATL_BUF,Over,49.0
2021,WSGT,TOTAL,2021_17_ATL_BUF,Under,49.0
2021,WSGT,SPREAD,2021_17_ARI_DAL,DAL,-1.5
2021,WSGT,SPREAD,2021_17_ARI_DAL,ARI,1.5
2021,WSGT,TOTAL,2021_17_ARI_DAL,Over,52.0
2021,WSGT,TOTAL,2021_17_ARI_DAL,Under,52.0
2021,WSGT,SPREAD,2021_17_HOU_SF,SF,-13.5
2021,WSGT,SPREAD,2021_17_HOU_SF,HOU,13.5
2021,WSGT,TOTAL,2021_17_HOU_SF,Over,46.0
2021,WSGT,TOTAL,2021_17_HOU_SF,Under,46.0
2021,WSGT,SPREAD,2021_17_DEN_LAC,LAC,-3.0
2021,WSGT,SPREAD,2021_17_DEN_LAC,DEN,3.0
2021,WSGT,TOTAL,2021_17_DEN_LAC,Over,45.0
2021,WSGT,TOTAL,2021_17_DEN_LAC,Under,45.0
2021,WSGT,SPREAD,2021_17_LA_BAL,BAL,-3.0
2021,WSGT,SPREAD,2021_17_LA_BAL,LA,3.0
2021,WSGT,TOTAL,2021_17_LA_BAL,Over,42.5
2021,WSGT,TOTAL,2021_17_LA_BAL,Under,42.5
2021,WSGT,SPREAD,2021_17_DET_SEA,SEA,-9.5
2021,WSGT,SPREAD,2021_17_DET_SEA,DET,9.5
2021,WSGT,TOTAL,2021_17_DET_SEA,Over,45.0
2021,WSGT,TOTAL,2021_17_DET_SEA,Under,45.0
2021,WSGT,SPREAD,2021_17_MIN_GB,GB,-3.0
2021,WSGT,SPREAD,2021_17_MIN_GB,MIN,3.0
2021,WSGT,TOTAL,2021_17_MIN_GB,Over,42.5
2021,WSGT,TOTAL,2021_17_MIN_GB,Under,42.5
2021,WSGT,SPREAD,2021_17_CLE_PIT,CLE,0.0
2021,WSGT,SPREAD,2021_17_CLE_PIT,PIT,0.0
2021,WSGT,TOTAL,2021_17_CLE_PIT,Over,43.5
2021,WSGT,TOTAL,2021_17_CLE_PIT,Under,43.5
2021,WSGT,SPREAD,2021_18_DAL_PHI,DAL,-2.5
2021,WSGT,SPREAD,2021_18_DAL_PHI,PHI,2.5
2021,WSGT,TOTAL,2021_18_DAL_PHI,Over,43.5
2021,WSGT,TOTAL,2021_18_DAL_PHI,Under,43.5
2021,WSGT,SPREAD,2021_18_GB_DET,GB,-3.5
2021,WSGT,SPREAD,2021_18_GB_DET,DET,3.5
2021,WSGT,TOTAL,2021_18_GB_DET,Over,45.5
2021,WSGT,TOTAL,2021_18_GB_DET,Under,45.5
2021,WSGT,SPREAD,2021_18_IND_JAX,IND,-3.0
2021,WSGT,SPREAD,2021_18_IND_JAX,JAX,3.0
2021,WSGT,TOTAL,2021_18_IND_JAX,Over,48.0
2021,WSGT,TOTAL,2021_18_IND_JAX,Under,48.0
2021,WSGT,SPREAD,2021_18_WAS_NYG,NYG,-1.5
2021,WSGT,SPREAD,2021_18_WAS_NYG,WAS,1.5
2021,WSGT,TOTAL,2021_18_WAS_NYG,Over,42.5
2021,WSGT,TOTAL,2021_18_WAS_NYG,Under,42.5
2021,WSGT,SPREAD,2021_18_CHI_MIN,MIN,-4.0
2021,WSGT,SPREAD,2021_18_CHI_MIN,CHI,4.0
2021,WSGT,TOTAL,2021_18_CHI_MIN,Over,45.5
2021,WSGT,TOTAL,2021_18_CHI_MIN,Under,45.5
2021,WSGT,SPREAD,2021_18_CAR_TB,TB,-6.5
2021,WSGT,SPREAD,2021_18_CAR_TB,CAR,6.5
2021,WSGT,TOTAL,2021_18_CAR_TB,Over,47.5
2021,WSGT,TOTAL,2021_18_CAR_TB,Under,47.5
2021,WSGT,SPREAD,2021_18_NE_MIA,MIA,-2.5
2021,WSGT,SPREAD,2021_18_NE_MIA,NE,2.5
2021,WSGT,TOTAL,2021_18_NE_MIA,Over,44.0
2021,WSGT,TOTAL,2021_18_NE_MIA,Under,44.0
2021,WSGT,SPREAD,2021_18_NO_ATL,ATL,-1.0
2021,WSGT,SPREAD,2021_18_NO_ATL,NO,1.0
2021,WSGT,TOTAL,2021_18_NO_ATL,Over,48.0
2021,WSGT,TOTAL,2021_18_NO_ATL,Under,48.0
2021,WSGT,SPREAD,2021_18_TEN_HOU,TEN,-6.0
2021,WSGT,SPREAD,2021_18_TEN_HOU,HOU,6.0
2021,WSGT,TOTAL,2021_18_TEN_HOU,Over,47.0
2021,WSGT,TOTAL,2021_18_TEN_HOU,Under,47.0
2021,WSGT,SPREAD,2021_18_PIT_BAL,BAL,-5.5
2021,WSGT,SPREAD,2021_18_PIT_BAL,PIT,5.5
2021,WSGT,TOTAL,2021_18_PIT_BAL,Over,44.0
2021,WSGT,TOTAL,2021_18_PIT_BAL,Under,44.0
2021,WSGT,SPREAD,2021_18_NYJ_BUF,BUF,-6.5
2021,WSGT,SPREAD,2021_18_NYJ_BUF,NYJ,6.5
2021,WSGT,TOTAL,2021_18_NYJ_BUF,Over,44.5
2021,WSGT,TOTAL,2021_18_NYJ_BUF,Under,44.5
2021,WSGT,SPREAD,2021_18_CIN_CLE,CLE,-6.5
2021,WSGT,SPREAD,2021_18_CIN_CLE,CIN,6.5
2021,WSGT,TOTAL,2021_18_CIN_CLE,Over,43.0
2021,WSGT,TOTAL,2021_18_CIN_CLE,Under,43.0
2021,WSGT,SPREAD,2021_18_LAC_LV,LV,-1.5
2021,WSGT,SPREAD,2021_18_LAC_LV,LAC,1.5
2021,WSGT,TOTAL,2021_18_LAC_LV,Over,48.5
2021,WSGT,TOTAL,2021_18_LAC_LV,Under,48.5
2021,WSGT,SPREAD,2021_18_SF_LA,LA,-3.0
2021,WSGT,SPREAD,2021_18_SF_LA,SF,3.0
2021,WSGT,TOTAL,2021_18_SF_LA,Over,44.5
2021,WSGT,TOTAL,2021_18_SF_LA,Under,44.5
2021,WSGT,SPREAD,2021_18_KC_DEN,KC,-3.0
2021,WSGT,SPREAD,2021_18_KC_DEN,DEN,3.0
2021,WSGT,TOTAL,2021_18_KC_DEN,Over,45.5
2021,WSGT,TOTAL,2021_18_KC_DEN,Under,45.5
2021,WSGT,SPREAD,2021_18_SEA_ARI,ARI,-2.0
2021,WSGT,SPREAD,2021_18_SEA_ARI,SEA,2.0
2021,WSGT,TOTAL,2021_18_SEA_ARI,Over,49.0
2021,WSGT,TOTAL,2021_18_SEA_ARI,Under,49.0
