season,team,nfl,nfl_team_id,espn,pfr,pff,pfflabel,fo,full,location,short_location,nickname,hyphenated,sbr,sbr_wins,sbr_name,draft_kings
2002,ARI,ARI,3800,ARI,CRD,,,ARI,Arizona Cardinals,Arizona,Arizona,Cardinals,arizona-cardinals,1549,,,
2002,ATL,ATL,0200,ATL,ATL,,,ATL,Atlanta Falcons,Atlanta,Atlanta,Falcons,atlanta-falcons,1546,,,
2002,BAL,BAL,0325,BAL,RAV,,,BAL,Baltimore Ravens,Baltimore,Baltimore,Ravens,baltimore-ravens,1521,,,
2002,BUF,BUF,0610,BUF,BUF,,,BUF,Buffalo Bills,Buffalo,Buffalo,Bills,buffalo-bills,1526,,,
2002,CAR,CAR,0750,CAR,CAR,,,CAR,Carolina Panthers,Carolina,Carolina,Panthers,carolina-panthers,1545,,,
2002,CHI,CHI,0810,CHI,CHI,,,CHI,Chicago Bears,Chicago,Chicago,Bears,chicago-bears,1540,,,
2002,CIN,CIN,0920,CIN,CIN,,,CIN,Cincinnati Bengals,Cincinnati,Cincinnati,Bengals,cincinnati-bengals,1522,,,
2002,CLE,CLE,1050,CLE,CLE,,,CLE,Cleveland Browns,Cleveland,Cleveland,Browns,cleveland-browns,1520,,,
2002,DAL,DAL,1200,DAL,DAL,,,DAL,Dallas Cowboys,Dallas,Dallas,Cowboys,dallas-cowboys,1538,,,
2002,DEN,DEN,1400,DEN,DEN,,,DEN,Denver Broncos,Denver,Denver,Broncos,denver-broncos,1534,,,
2002,DET,DET,1540,DET,DET,,,DET,Detroit Lions,Detroit,Detroit,Lions,detroit-lions,1539,,,
2002,GB,GB,1800,GB,GNB,,,GB,Green Bay Packers,Green Bay,Green Bay,Packers,green-bay-packers,1542,,,
2002,HOU,HOU,2120,HOU,HTX,,,HOU,Houston Texans,Houston,Houston,Texans,houston-texans,1530,,,
2002,IND,IND,2200,IND,CLT,,,IND,Indianapolis Colts,Indianapolis,Indianapolis,Colts,indianapolis-colts,1527,,,
2002,JAX,JAC,2250,JAX,JAX,,,JAC,Jacksonville Jaguars,Jacksonville,Jacksonville,Jaguars,jacksonville-jaguars,1529,,,
2002,KC,KC,2310,KC,KAN,,,KC,Kansas City Chiefs,Kansas City,Kansas City,Chiefs,kansas-city-chiefs,1531,,,
2002,MIA,MIA,2700,MIA,MIA,,,MIA,Miami Dolphins,Miami,Miami,Dolphins,miami-dolphins,1524,,,
2002,MIN,MIN,3000,MIN,MIN,,,MIN,Minnesota Vikings,Minnesota,Minnesota,Vikings,minnesota-vikings,1541,,,
2002,NE,NE,3200,NE,NWE,,,NE,New England Patriots,New England,New England,Patriots,new-england-patriots,1525,,,
2002,NO,NO,3300,NO,NOR,,,NO,New Orleans Saints,New Orleans,New Orleans,Saints,new-orleans-saints,1543,,,
2002,NYG,NYG,3410,NYG,NYG,,,NYG,New York Giants,New York Giants,NY Giants,Giants,new-york-giants,1535,,,
2002,NYJ,NYJ,3430,NYJ,NYJ,,,NYJ,New York Jets,New York Jets,NY Jets,Jets,new-york-jets,1523,,,
2002,OAK,OAK,2520,OAK,RAI,,,OAK,Oakland Raiders,Oakland,Oakland,Raiders,oakland-raiders,1533,,,
2002,PHI,PHI,3700,PHI,PHI,,,PHI,Philadelphia Eagles,Philadelphia,Philadelphia,Eagles,philadelphia-eagles,1536,,,
2002,PIT,PIT,3900,PIT,PIT,,,PIT,Pittsburgh Steelers,Pittsburgh,Pittsburgh,Steelers,pittsburgh-steelers,1519,,,
2002,SD,SD,4400,SD,SDG,,,SD,San Diego Chargers,San Diego,San Diego,Chargers,san-diego-chargers,1532,,,
2002,SEA,SEA,4600,SEA,SEA,,,SEA,Seattle Seahawks,Seattle,Seattle,Seahawks,seattle-seahawks,1548,,,
2002,SF,SF,4500,SF,SFO,,,SF,San Francisco 49ers,San Francisco,San Francisco,49ers,san-francisco-49ers,1547,,,
2002,STL,STL,2510,STL,RAM,,,STL,St Louis Rams,St Louis,St Louis,Rams,st-louis-rams,1550,,,
2002,TB,TB,4900,TB,TAM,,,TB,Tampa Bay Buccaneers,Tampa Bay,Tampa Bay,Buccaneers,tampa-bay-buccaneers,1544,,,
2002,TEN,TEN,2100,TEN,OTI,,,TEN,Tennessee Titans,Tennessee,Tennessee,Titans,tennessee-titans,1528,,,
2002,WAS,WAS,5110,WSH,WAS,,,WAS,Washington Redskins,Washington,Washington,Redskins,washington-redskins,1537,,,
2003,ARI,ARI,3800,ARI,CRD,,,ARI,Arizona Cardinals,Arizona,Arizona,Cardinals,arizona-cardinals,1549,,,
2003,ATL,ATL,0200,ATL,ATL,,,ATL,Atlanta Falcons,Atlanta,Atlanta,Falcons,atlanta-falcons,1546,,,
2003,BAL,BAL,0325,BAL,RAV,,,BAL,Baltimore Ravens,Baltimore,Baltimore,Ravens,baltimore-ravens,1521,,,
2003,BUF,BUF,0610,BUF,BUF,,,BUF,Buffalo Bills,Buffalo,Buffalo,Bills,buffalo-bills,1526,,,
2003,CAR,CAR,0750,CAR,CAR,,,CAR,Carolina Panthers,Carolina,Carolina,Panthers,carolina-panthers,1545,,,
2003,CHI,CHI,0810,CHI,CHI,,,CHI,Chicago Bears,Chicago,Chicago,Bears,chicago-bears,1540,,,
2003,CIN,CIN,0920,CIN,CIN,,,CIN,Cincinnati Bengals,Cincinnati,Cincinnati,Bengals,cincinnati-bengals,1522,,,
2003,CLE,CLE,1050,CLE,CLE,,,CLE,Cleveland Browns,Cleveland,Cleveland,Browns,cleveland-browns,1520,,,
2003,DAL,DAL,1200,DAL,DAL,,,DAL,Dallas Cowboys,Dallas,Dallas,Cowboys,dallas-cowboys,1538,,,
2003,DEN,DEN,1400,DEN,DEN,,,DEN,Denver Broncos,Denver,Denver,Broncos,denver-broncos,1534,,,
2003,DET,DET,1540,DET,DET,,,DET,Detroit Lions,Detroit,Detroit,Lions,detroit-lions,1539,,,
2003,GB,GB,1800,GB,GNB,,,GB,Green Bay Packers,Green Bay,Green Bay,Packers,green-bay-packers,1542,,,
2003,HOU,HOU,2120,HOU,HTX,,,HOU,Houston Texans,Houston,Houston,Texans,houston-texans,1530,,,
2003,IND,IND,2200,IND,CLT,,,IND,Indianapolis Colts,Indianapolis,Indianapolis,Colts,indianapolis-colts,1527,,,
2003,JAX,JAC,2250,JAX,JAX,,,JAC,Jacksonville Jaguars,Jacksonville,Jacksonville,Jaguars,jacksonville-jaguars,1529,,,
2003,KC,KC,2310,KC,KAN,,,KC,Kansas City Chiefs,Kansas City,Kansas City,Chiefs,kansas-city-chiefs,1531,,,
2003,MIA,MIA,2700,MIA,MIA,,,MIA,Miami Dolphins,Miami,Miami,Dolphins,miami-dolphins,1524,,,
2003,MIN,MIN,3000,MIN,MIN,,,MIN,Minnesota Vikings,Minnesota,Minnesota,Vikings,minnesota-vikings,1541,,,
2003,NE,NE,3200,NE,NWE,,,NE,New England Patriots,New England,New England,Patriots,new-england-patriots,1525,,,
2003,NO,NO,3300,NO,NOR,,,NO,New Orleans Saints,New Orleans,New Orleans,Saints,new-orleans-saints,1543,,,
2003,NYG,NYG,3410,NYG,NYG,,,NYG,New York Giants,New York Giants,NY Giants,Giants,new-york-giants,1535,,,
2003,NYJ,NYJ,3430,NYJ,NYJ,,,NYJ,New York Jets,New York Jets,NY Jets,Jets,new-york-jets,1523,,,
2003,OAK,OAK,2520,OAK,RAI,,,OAK,Oakland Raiders,Oakland,Oakland,Raiders,oakland-raiders,1533,,,
2003,PHI,PHI,3700,PHI,PHI,,,PHI,Philadelphia Eagles,Philadelphia,Philadelphia,Eagles,philadelphia-eagles,1536,,,
2003,PIT,PIT,3900,PIT,PIT,,,PIT,Pittsburgh Steelers,Pittsburgh,Pittsburgh,Steelers,pittsburgh-steelers,1519,,,
2003,SD,SD,4400,SD,SDG,,,SD,San Diego Chargers,San Diego,San Diego,Chargers,san-diego-chargers,1532,,,
2003,SEA,SEA,4600,SEA,SEA,,,SEA,Seattle Seahawks,Seattle,Seattle,Seahawks,seattle-seahawks,1548,,,
2003,SF,SF,4500,SF,SFO,,,SF,San Francisco 49ers,San Francisco,San Francisco,49ers,san-francisco-49ers,1547,,,
2003,STL,STL,2510,STL,RAM,,,STL,St Louis Rams,St Louis,St Louis,Rams,st-louis-rams,1550,,,
2003,TB,TB,4900,TB,TAM,,,TB,Tampa Bay Buccaneers,Tampa Bay,Tampa Bay,Buccaneers,tampa-bay-buccaneers,1544,,,
2003,TEN,TEN,2100,TEN,OTI,,,TEN,Tennessee Titans,Tennessee,Tennessee,Titans,tennessee-titans,1528,,,
2003,WAS,WAS,5110,WSH,WAS,,,WAS,Washington Redskins,Washington,Washington,Redskins,washington-redskins,1537,,,
2004,ARI,ARI,3800,ARI,CRD,,,ARI,Arizona Cardinals,Arizona,Arizona,Cardinals,arizona-cardinals,1549,,,
2004,ATL,ATL,0200,ATL,ATL,,,ATL,Atlanta Falcons,Atlanta,Atlanta,Falcons,atlanta-falcons,1546,,,
2004,BAL,BAL,0325,BAL,RAV,,,BAL,Baltimore Ravens,Baltimore,Baltimore,Ravens,baltimore-ravens,1521,,,
2004,BUF,BUF,0610,BUF,BUF,,,BUF,Buffalo Bills,Buffalo,Buffalo,Bills,buffalo-bills,1526,,,
2004,CAR,CAR,0750,CAR,CAR,,,CAR,Carolina Panthers,Carolina,Carolina,Panthers,carolina-panthers,1545,,,
2004,CHI,CHI,0810,CHI,CHI,,,CHI,Chicago Bears,Chicago,Chicago,Bears,chicago-bears,1540,,,
2004,CIN,CIN,0920,CIN,CIN,,,CIN,Cincinnati Bengals,Cincinnati,Cincinnati,Bengals,cincinnati-bengals,1522,,,
2004,CLE,CLE,1050,CLE,CLE,,,CLE,Cleveland Browns,Cleveland,Cleveland,Browns,cleveland-browns,1520,,,
2004,DAL,DAL,1200,DAL,DAL,,,DAL,Dallas Cowboys,Dallas,Dallas,Cowboys,dallas-cowboys,1538,,,
2004,DEN,DEN,1400,DEN,DEN,,,DEN,Denver Broncos,Denver,Denver,Broncos,denver-broncos,1534,,,
2004,DET,DET,1540,DET,DET,,,DET,Detroit Lions,Detroit,Detroit,Lions,detroit-lions,1539,,,
2004,GB,GB,1800,GB,GNB,,,GB,Green Bay Packers,Green Bay,Green Bay,Packers,green-bay-packers,1542,,,
2004,HOU,HOU,2120,HOU,HTX,,,HOU,Houston Texans,Houston,Houston,Texans,houston-texans,1530,,,
2004,IND,IND,2200,IND,CLT,,,IND,Indianapolis Colts,Indianapolis,Indianapolis,Colts,indianapolis-colts,1527,,,
2004,JAX,JAC,2250,JAX,JAX,,,JAC,Jacksonville Jaguars,Jacksonville,Jacksonville,Jaguars,jacksonville-jaguars,1529,,,
2004,KC,KC,2310,KC,KAN,,,KC,Kansas City Chiefs,Kansas City,Kansas City,Chiefs,kansas-city-chiefs,1531,,,
2004,MIA,MIA,2700,MIA,MIA,,,MIA,Miami Dolphins,Miami,Miami,Dolphins,miami-dolphins,1524,,,
2004,MIN,MIN,3000,MIN,MIN,,,MIN,Minnesota Vikings,Minnesota,Minnesota,Vikings,minnesota-vikings,1541,,,
2004,NE,NE,3200,NE,NWE,,,NE,New England Patriots,New England,New England,Patriots,new-england-patriots,1525,,,
2004,NO,NO,3300,NO,NOR,,,NO,New Orleans Saints,New Orleans,New Orleans,Saints,new-orleans-saints,1543,,,
2004,NYG,NYG,3410,NYG,NYG,,,NYG,New York Giants,New York Giants,NY Giants,Giants,new-york-giants,1535,,,
2004,NYJ,NYJ,3430,NYJ,NYJ,,,NYJ,New York Jets,New York Jets,NY Jets,Jets,new-york-jets,1523,,,
2004,OAK,OAK,2520,OAK,RAI,,,OAK,Oakland Raiders,Oakland,Oakland,Raiders,oakland-raiders,1533,,,
2004,PHI,PHI,3700,PHI,PHI,,,PHI,Philadelphia Eagles,Philadelphia,Philadelphia,Eagles,philadelphia-eagles,1536,,,
2004,PIT,PIT,3900,PIT,PIT,,,PIT,Pittsburgh Steelers,Pittsburgh,Pittsburgh,Steelers,pittsburgh-steelers,1519,,,
2004,SD,SD,4400,SD,SDG,,,SD,San Diego Chargers,San Diego,San Diego,Chargers,san-diego-chargers,1532,,,
2004,SEA,SEA,4600,SEA,SEA,,,SEA,Seattle Seahawks,Seattle,Seattle,Seahawks,seattle-seahawks,1548,,,
2004,SF,SF,4500,SF,SFO,,,SF,San Francisco 49ers,San Francisco,San Francisco,49ers,san-francisco-49ers,1547,,,
2004,STL,STL,2510,STL,RAM,,,STL,St Louis Rams,St Louis,St Louis,Rams,st-louis-rams,1550,,,
2004,TB,TB,4900,TB,TAM,,,TB,Tampa Bay Buccaneers,Tampa Bay,Tampa Bay,Buccaneers,tampa-bay-buccaneers,1544,,,
2004,TEN,TEN,2100,TEN,OTI,,,TEN,Tennessee Titans,Tennessee,Tennessee,Titans,tennessee-titans,1528,,,
2004,WAS,WAS,5110,WSH,WAS,,,WAS,Washington Redskins,Washington,Washington,Redskins,washington-redskins,1537,,,
2005,ARI,ARI,3800,ARI,CRD,,,ARI,Arizona Cardinals,Arizona,Arizona,Cardinals,arizona-cardinals,1549,,,
2005,ATL,ATL,0200,ATL,ATL,,,ATL,Atlanta Falcons,Atlanta,Atlanta,Falcons,atlanta-falcons,1546,,,
2005,BAL,BAL,0325,BAL,RAV,,,BAL,Baltimore Ravens,Baltimore,Baltimore,Ravens,baltimore-ravens,1521,,,
2005,BUF,BUF,0610,BUF,BUF,,,BUF,Buffalo Bills,Buffalo,Buffalo,Bills,buffalo-bills,1526,,,
2005,CAR,CAR,0750,CAR,CAR,,,CAR,Carolina Panthers,Carolina,Carolina,Panthers,carolina-panthers,1545,,,
2005,CHI,CHI,0810,CHI,CHI,,,CHI,Chicago Bears,Chicago,Chicago,Bears,chicago-bears,1540,,,
2005,CIN,CIN,0920,CIN,CIN,,,CIN,Cincinnati Bengals,Cincinnati,Cincinnati,Bengals,cincinnati-bengals,1522,,,
2005,CLE,CLE,1050,CLE,CLE,,,CLE,Cleveland Browns,Cleveland,Cleveland,Browns,cleveland-browns,1520,,,
2005,DAL,DAL,1200,DAL,DAL,,,DAL,Dallas Cowboys,Dallas,Dallas,Cowboys,dallas-cowboys,1538,,,
2005,DEN,DEN,1400,DEN,DEN,,,DEN,Denver Broncos,Denver,Denver,Broncos,denver-broncos,1534,,,
2005,DET,DET,1540,DET,DET,,,DET,Detroit Lions,Detroit,Detroit,Lions,detroit-lions,1539,,,
2005,GB,GB,1800,GB,GNB,,,GB,Green Bay Packers,Green Bay,Green Bay,Packers,green-bay-packers,1542,,,
2005,HOU,HOU,2120,HOU,HTX,,,HOU,Houston Texans,Houston,Houston,Texans,houston-texans,1530,,,
2005,IND,IND,2200,IND,CLT,,,IND,Indianapolis Colts,Indianapolis,Indianapolis,Colts,indianapolis-colts,1527,,,
2005,JAX,JAC,2250,JAX,JAX,,,JAC,Jacksonville Jaguars,Jacksonville,Jacksonville,Jaguars,jacksonville-jaguars,1529,,,
2005,KC,KC,2310,KC,KAN,,,KC,Kansas City Chiefs,Kansas City,Kansas City,Chiefs,kansas-city-chiefs,1531,,,
2005,MIA,MIA,2700,MIA,MIA,,,MIA,Miami Dolphins,Miami,Miami,Dolphins,miami-dolphins,1524,,,
2005,MIN,MIN,3000,MIN,MIN,,,MIN,Minnesota Vikings,Minnesota,Minnesota,Vikings,minnesota-vikings,1541,,,
2005,NE,NE,3200,NE,NWE,,,NE,New England Patriots,New England,New England,Patriots,new-england-patriots,1525,,,
2005,NO,NO,3300,NO,NOR,,,NO,New Orleans Saints,New Orleans,New Orleans,Saints,new-orleans-saints,1543,,,
2005,NYG,NYG,3410,NYG,NYG,,,NYG,New York Giants,New York Giants,NY Giants,Giants,new-york-giants,1535,,,
2005,NYJ,NYJ,3430,NYJ,NYJ,,,NYJ,New York Jets,New York Jets,NY Jets,Jets,new-york-jets,1523,,,
2005,OAK,OAK,2520,OAK,RAI,,,OAK,Oakland Raiders,Oakland,Oakland,Raiders,oakland-raiders,1533,,,
2005,PHI,PHI,3700,PHI,PHI,,,PHI,Philadelphia Eagles,Philadelphia,Philadelphia,Eagles,philadelphia-eagles,1536,,,
2005,PIT,PIT,3900,PIT,PIT,,,PIT,Pittsburgh Steelers,Pittsburgh,Pittsburgh,Steelers,pittsburgh-steelers,1519,,,
2005,SD,SD,4400,SD,SDG,,,SD,San Diego Chargers,San Diego,San Diego,Chargers,san-diego-chargers,1532,,,
2005,SEA,SEA,4600,SEA,SEA,,,SEA,Seattle Seahawks,Seattle,Seattle,Seahawks,seattle-seahawks,1548,,,
2005,SF,SF,4500,SF,SFO,,,SF,San Francisco 49ers,San Francisco,San Francisco,49ers,san-francisco-49ers,1547,,,
2005,STL,STL,2510,STL,RAM,,,STL,St Louis Rams,St Louis,St Louis,Rams,st-louis-rams,1550,,,
2005,TB,TB,4900,TB,TAM,,,TB,Tampa Bay Buccaneers,Tampa Bay,Tampa Bay,Buccaneers,tampa-bay-buccaneers,1544,,,
2005,TEN,TEN,2100,TEN,OTI,,,TEN,Tennessee Titans,Tennessee,Tennessee,Titans,tennessee-titans,1528,,,
2005,WAS,WAS,5110,WSH,WAS,,,WAS,Washington Redskins,Washington,Washington,Redskins,washington-redskins,1537,,,
2006,ARI,ARI,3800,ARI,CRD,1,ARZ,ARI,Arizona Cardinals,Arizona,Arizona,Cardinals,arizona-cardinals,1549,,,
2006,ATL,ATL,0200,ATL,ATL,2,ATL,ATL,Atlanta Falcons,Atlanta,Atlanta,Falcons,atlanta-falcons,1546,,,
2006,BAL,BAL,0325,BAL,RAV,3,BLT,BAL,Baltimore Ravens,Baltimore,Baltimore,Ravens,baltimore-ravens,1521,,,
2006,BUF,BUF,0610,BUF,BUF,4,BUF,BUF,Buffalo Bills,Buffalo,Buffalo,Bills,buffalo-bills,1526,,,
2006,CAR,CAR,0750,CAR,CAR,5,CAR,CAR,Carolina Panthers,Carolina,Carolina,Panthers,carolina-panthers,1545,,,
2006,CHI,CHI,0810,CHI,CHI,6,CHI,CHI,Chicago Bears,Chicago,Chicago,Bears,chicago-bears,1540,,,
2006,CIN,CIN,0920,CIN,CIN,7,CIN,CIN,Cincinnati Bengals,Cincinnati,Cincinnati,Bengals,cincinnati-bengals,1522,,,
2006,CLE,CLE,1050,CLE,CLE,8,CLV,CLE,Cleveland Browns,Cleveland,Cleveland,Browns,cleveland-browns,1520,,,
2006,DAL,DAL,1200,DAL,DAL,9,DAL,DAL,Dallas Cowboys,Dallas,Dallas,Cowboys,dallas-cowboys,1538,,,
2006,DEN,DEN,1400,DEN,DEN,10,DEN,DEN,Denver Broncos,Denver,Denver,Broncos,denver-broncos,1534,,,
2006,DET,DET,1540,DET,DET,11,DET,DET,Detroit Lions,Detroit,Detroit,Lions,detroit-lions,1539,,,
2006,GB,GB,1800,GB,GNB,12,GB,GB,Green Bay Packers,Green Bay,Green Bay,Packers,green-bay-packers,1542,,,
2006,HOU,HOU,2120,HOU,HTX,13,HST,HOU,Houston Texans,Houston,Houston,Texans,houston-texans,1530,,,
2006,IND,IND,2200,IND,CLT,14,IND,IND,Indianapolis Colts,Indianapolis,Indianapolis,Colts,indianapolis-colts,1527,,,
2006,JAX,JAC,2250,JAX,JAX,15,JAX,JAC,Jacksonville Jaguars,Jacksonville,Jacksonville,Jaguars,jacksonville-jaguars,1529,,,
2006,KC,KC,2310,KC,KAN,16,KC,KC,Kansas City Chiefs,Kansas City,Kansas City,Chiefs,kansas-city-chiefs,1531,,,
2006,MIA,MIA,2700,MIA,MIA,17,MIA,MIA,Miami Dolphins,Miami,Miami,Dolphins,miami-dolphins,1524,,,
2006,MIN,MIN,3000,MIN,MIN,18,MIN,MIN,Minnesota Vikings,Minnesota,Minnesota,Vikings,minnesota-vikings,1541,,,
2006,NE,NE,3200,NE,NWE,19,NE,NE,New England Patriots,New England,New England,Patriots,new-england-patriots,1525,,,
2006,NO,NO,3300,NO,NOR,20,NO,NO,New Orleans Saints,New Orleans,New Orleans,Saints,new-orleans-saints,1543,,,
2006,NYG,NYG,3410,NYG,NYG,21,NYG,NYG,New York Giants,New York Giants,NY Giants,Giants,new-york-giants,1535,,,
2006,NYJ,NYJ,3430,NYJ,NYJ,22,NYJ,NYJ,New York Jets,New York Jets,NY Jets,Jets,new-york-jets,1523,,,
2006,OAK,OAK,2520,OAK,RAI,23,OAK,OAK,Oakland Raiders,Oakland,Oakland,Raiders,oakland-raiders,1533,,,
2006,PHI,PHI,3700,PHI,PHI,24,PHI,PHI,Philadelphia Eagles,Philadelphia,Philadelphia,Eagles,philadelphia-eagles,1536,,,
2006,PIT,PIT,3900,PIT,PIT,25,PIT,PIT,Pittsburgh Steelers,Pittsburgh,Pittsburgh,Steelers,pittsburgh-steelers,1519,,,
2006,SD,SD,4400,SD,SDG,27,LAC,SD,San Diego Chargers,San Diego,San Diego,Chargers,san-diego-chargers,1532,,,
2006,SEA,SEA,4600,SEA,SEA,29,SEA,SEA,Seattle Seahawks,Seattle,Seattle,Seahawks,seattle-seahawks,1548,,,
2006,SF,SF,4500,SF,SFO,28,SF,SF,San Francisco 49ers,San Francisco,San Francisco,49ers,san-francisco-49ers,1547,,,
2006,STL,STL,2510,STL,RAM,26,LA,STL,St Louis Rams,St Louis,St. Louis,Rams,st-louis-rams,1550,,,
2006,TB,TB,4900,TB,TAM,30,TB,TB,Tampa Bay Buccaneers,Tampa Bay,Tampa Bay,Buccaneers,tampa-bay-buccaneers,1544,,,
2006,TEN,TEN,2100,TEN,OTI,31,TEN,TEN,Tennessee Titans,Tennessee,Tennessee,Titans,tennessee-titans,1528,,,
2006,WAS,WAS,5110,WSH,WAS,32,WAS,WAS,Washington Redskins,Washington,Washington,Redskins,washington-redskins,1537,,,
2007,ARI,ARI,3800,ARI,CRD,1,ARZ,ARI,Arizona Cardinals,Arizona,Arizona,Cardinals,arizona-cardinals,1549,,,
2007,ATL,ATL,0200,ATL,ATL,2,ATL,ATL,Atlanta Falcons,Atlanta,Atlanta,Falcons,atlanta-falcons,1546,,,
2007,BAL,BAL,0325,BAL,RAV,3,BLT,BAL,Baltimore Ravens,Baltimore,Baltimore,Ravens,baltimore-ravens,1521,,,
2007,BUF,BUF,0610,BUF,BUF,4,BUF,BUF,Buffalo Bills,Buffalo,Buffalo,Bills,buffalo-bills,1526,,,
2007,CAR,CAR,0750,CAR,CAR,5,CAR,CAR,Carolina Panthers,Carolina,Carolina,Panthers,carolina-panthers,1545,,,
2007,CHI,CHI,0810,CHI,CHI,6,CHI,CHI,Chicago Bears,Chicago,Chicago,Bears,chicago-bears,1540,,,
2007,CIN,CIN,0920,CIN,CIN,7,CIN,CIN,Cincinnati Bengals,Cincinnati,Cincinnati,Bengals,cincinnati-bengals,1522,,,
2007,CLE,CLE,1050,CLE,CLE,8,CLV,CLE,Cleveland Browns,Cleveland,Cleveland,Browns,cleveland-browns,1520,,,
2007,DAL,DAL,1200,DAL,DAL,9,DAL,DAL,Dallas Cowboys,Dallas,Dallas,Cowboys,dallas-cowboys,1538,,,
2007,DEN,DEN,1400,DEN,DEN,10,DEN,DEN,Denver Broncos,Denver,Denver,Broncos,denver-broncos,1534,,,
2007,DET,DET,1540,DET,DET,11,DET,DET,Detroit Lions,Detroit,Detroit,Lions,detroit-lions,1539,,,
2007,GB,GB,1800,GB,GNB,12,GB,GB,Green Bay Packers,Green Bay,Green Bay,Packers,green-bay-packers,1542,,,
2007,HOU,HOU,2120,HOU,HTX,13,HST,HOU,Houston Texans,Houston,Houston,Texans,houston-texans,1530,,,
2007,IND,IND,2200,IND,CLT,14,IND,IND,Indianapolis Colts,Indianapolis,Indianapolis,Colts,indianapolis-colts,1527,,,
2007,JAX,JAC,2250,JAX,JAX,15,JAX,JAC,Jacksonville Jaguars,Jacksonville,Jacksonville,Jaguars,jacksonville-jaguars,1529,,,
2007,KC,KC,2310,KC,KAN,16,KC,KC,Kansas City Chiefs,Kansas City,Kansas City,Chiefs,kansas-city-chiefs,1531,,,
2007,MIA,MIA,2700,MIA,MIA,17,MIA,MIA,Miami Dolphins,Miami,Miami,Dolphins,miami-dolphins,1524,,,
2007,MIN,MIN,3000,MIN,MIN,18,MIN,MIN,Minnesota Vikings,Minnesota,Minnesota,Vikings,minnesota-vikings,1541,,,
2007,NE,NE,3200,NE,NWE,19,NE,NE,New England Patriots,New England,New England,Patriots,new-england-patriots,1525,,,
2007,NO,NO,3300,NO,NOR,20,NO,NO,New Orleans Saints,New Orleans,New Orleans,Saints,new-orleans-saints,1543,,,
2007,NYG,NYG,3410,NYG,NYG,21,NYG,NYG,New York Giants,New York Giants,NY Giants,Giants,new-york-giants,1535,,,
2007,NYJ,NYJ,3430,NYJ,NYJ,22,NYJ,NYJ,New York Jets,New York Jets,NY Jets,Jets,new-york-jets,1523,,,
2007,OAK,OAK,2520,OAK,RAI,23,OAK,OAK,Oakland Raiders,Oakland,Oakland,Raiders,oakland-raiders,1533,,,
2007,PHI,PHI,3700,PHI,PHI,24,PHI,PHI,Philadelphia Eagles,Philadelphia,Philadelphia,Eagles,philadelphia-eagles,1536,,,
2007,PIT,PIT,3900,PIT,PIT,25,PIT,PIT,Pittsburgh Steelers,Pittsburgh,Pittsburgh,Steelers,pittsburgh-steelers,1519,,,
2007,SD,SD,4400,SD,SDG,27,LAC,SD,San Diego Chargers,San Diego,San Diego,Chargers,san-diego-chargers,1532,,,
2007,SEA,SEA,4600,SEA,SEA,29,SEA,SEA,Seattle Seahawks,Seattle,Seattle,Seahawks,seattle-seahawks,1548,,,
2007,SF,SF,4500,SF,SFO,28,SF,SF,San Francisco 49ers,San Francisco,San Francisco,49ers,san-francisco-49ers,1547,,,
2007,STL,STL,2510,STL,RAM,26,LA,STL,St Louis Rams,St Louis,St. Louis,Rams,st-louis-rams,1550,,,
2007,TB,TB,4900,TB,TAM,30,TB,TB,Tampa Bay Buccaneers,Tampa Bay,Tampa Bay,Buccaneers,tampa-bay-buccaneers,1544,,,
2007,TEN,TEN,2100,TEN,OTI,31,TEN,TEN,Tennessee Titans,Tennessee,Tennessee,Titans,tennessee-titans,1528,,,
2007,WAS,WAS,5110,WSH,WAS,32,WAS,WAS,Washington Redskins,Washington,Washington,Redskins,washington-redskins,1537,,,
2008,ARI,ARI,3800,ARI,CRD,1,ARZ,ARI,Arizona Cardinals,Arizona,Arizona,Cardinals,arizona-cardinals,1549,,,
2008,ATL,ATL,0200,ATL,ATL,2,ATL,ATL,Atlanta Falcons,Atlanta,Atlanta,Falcons,atlanta-falcons,1546,,,
2008,BAL,BAL,0325,BAL,RAV,3,BLT,BAL,Baltimore Ravens,Baltimore,Baltimore,Ravens,baltimore-ravens,1521,,,
2008,BUF,BUF,0610,BUF,BUF,4,BUF,BUF,Buffalo Bills,Buffalo,Buffalo,Bills,buffalo-bills,1526,,,
2008,CAR,CAR,0750,CAR,CAR,5,CAR,CAR,Carolina Panthers,Carolina,Carolina,Panthers,carolina-panthers,1545,,,
2008,CHI,CHI,0810,CHI,CHI,6,CHI,CHI,Chicago Bears,Chicago,Chicago,Bears,chicago-bears,1540,,,
2008,CIN,CIN,0920,CIN,CIN,7,CIN,CIN,Cincinnati Bengals,Cincinnati,Cincinnati,Bengals,cincinnati-bengals,1522,,,
2008,CLE,CLE,1050,CLE,CLE,8,CLV,CLE,Cleveland Browns,Cleveland,Cleveland,Browns,cleveland-browns,1520,,,
2008,DAL,DAL,1200,DAL,DAL,9,DAL,DAL,Dallas Cowboys,Dallas,Dallas,Cowboys,dallas-cowboys,1538,,,
2008,DEN,DEN,1400,DEN,DEN,10,DEN,DEN,Denver Broncos,Denver,Denver,Broncos,denver-broncos,1534,,,
2008,DET,DET,1540,DET,DET,11,DET,DET,Detroit Lions,Detroit,Detroit,Lions,detroit-lions,1539,,,
2008,GB,GB,1800,GB,GNB,12,GB,GB,Green Bay Packers,Green Bay,Green Bay,Packers,green-bay-packers,1542,,,
2008,HOU,HOU,2120,HOU,HTX,13,HST,HOU,Houston Texans,Houston,Houston,Texans,houston-texans,1530,,,
2008,IND,IND,2200,IND,CLT,14,IND,IND,Indianapolis Colts,Indianapolis,Indianapolis,Colts,indianapolis-colts,1527,,,
2008,JAX,JAC,2250,JAX,JAX,15,JAX,JAC,Jacksonville Jaguars,Jacksonville,Jacksonville,Jaguars,jacksonville-jaguars,1529,,,
2008,KC,KC,2310,KC,KAN,16,KC,KC,Kansas City Chiefs,Kansas City,Kansas City,Chiefs,kansas-city-chiefs,1531,,,
2008,MIA,MIA,2700,MIA,MIA,17,MIA,MIA,Miami Dolphins,Miami,Miami,Dolphins,miami-dolphins,1524,,,
2008,MIN,MIN,3000,MIN,MIN,18,MIN,MIN,Minnesota Vikings,Minnesota,Minnesota,Vikings,minnesota-vikings,1541,,,
2008,NE,NE,3200,NE,NWE,19,NE,NE,New England Patriots,New England,New England,Patriots,new-england-patriots,1525,,,
2008,NO,NO,3300,NO,NOR,20,NO,NO,New Orleans Saints,New Orleans,New Orleans,Saints,new-orleans-saints,1543,,,
2008,NYG,NYG,3410,NYG,NYG,21,NYG,NYG,New York Giants,New York Giants,NY Giants,Giants,new-york-giants,1535,,,
2008,NYJ,NYJ,3430,NYJ,NYJ,22,NYJ,NYJ,New York Jets,New York Jets,NY Jets,Jets,new-york-jets,1523,,,
2008,OAK,OAK,2520,OAK,RAI,23,OAK,OAK,Oakland Raiders,Oakland,Oakland,Raiders,oakland-raiders,1533,,,
2008,PHI,PHI,3700,PHI,PHI,24,PHI,PHI,Philadelphia Eagles,Philadelphia,Philadelphia,Eagles,philadelphia-eagles,1536,,,
2008,PIT,PIT,3900,PIT,PIT,25,PIT,PIT,Pittsburgh Steelers,Pittsburgh,Pittsburgh,Steelers,pittsburgh-steelers,1519,,,
2008,SD,SD,4400,SD,SDG,27,LAC,SD,San Diego Chargers,San Diego,San Diego,Chargers,san-diego-chargers,1532,,,
2008,SEA,SEA,4600,SEA,SEA,29,SEA,SEA,Seattle Seahawks,Seattle,Seattle,Seahawks,seattle-seahawks,1548,,,
2008,SF,SF,4500,SF,SFO,28,SF,SF,San Francisco 49ers,San Francisco,San Francisco,49ers,san-francisco-49ers,1547,,,
2008,STL,STL,2510,STL,RAM,26,LA,STL,St Louis Rams,St Louis,St. Louis,Rams,st-louis-rams,1550,,,
2008,TB,TB,4900,TB,TAM,30,TB,TB,Tampa Bay Buccaneers,Tampa Bay,Tampa Bay,Buccaneers,tampa-bay-buccaneers,1544,,,
2008,TEN,TEN,2100,TEN,OTI,31,TEN,TEN,Tennessee Titans,Tennessee,Tennessee,Titans,tennessee-titans,1528,,,
2008,WAS,WAS,5110,WSH,WAS,32,WAS,WAS,Washington Redskins,Washington,Washington,Redskins,washington-redskins,1537,,,
2009,ARI,ARI,3800,ARI,CRD,1,ARZ,ARI,Arizona Cardinals,Arizona,Arizona,Cardinals,arizona-cardinals,1549,,,
2009,ATL,ATL,0200,ATL,ATL,2,ATL,ATL,Atlanta Falcons,Atlanta,Atlanta,Falcons,atlanta-falcons,1546,,,
2009,BAL,BAL,0325,BAL,RAV,3,BLT,BAL,Baltimore Ravens,Baltimore,Baltimore,Ravens,baltimore-ravens,1521,,,
2009,BUF,BUF,0610,BUF,BUF,4,BUF,BUF,Buffalo Bills,Buffalo,Buffalo,Bills,buffalo-bills,1526,,,
2009,CAR,CAR,0750,CAR,CAR,5,CAR,CAR,Carolina Panthers,Carolina,Carolina,Panthers,carolina-panthers,1545,,,
2009,CHI,CHI,0810,CHI,CHI,6,CHI,CHI,Chicago Bears,Chicago,Chicago,Bears,chicago-bears,1540,,,
2009,CIN,CIN,0920,CIN,CIN,7,CIN,CIN,Cincinnati Bengals,Cincinnati,Cincinnati,Bengals,cincinnati-bengals,1522,,,
2009,CLE,CLE,1050,CLE,CLE,8,CLV,CLE,Cleveland Browns,Cleveland,Cleveland,Browns,cleveland-browns,1520,,,
2009,DAL,DAL,1200,DAL,DAL,9,DAL,DAL,Dallas Cowboys,Dallas,Dallas,Cowboys,dallas-cowboys,1538,,,
2009,DEN,DEN,1400,DEN,DEN,10,DEN,DEN,Denver Broncos,Denver,Denver,Broncos,denver-broncos,1534,,,
2009,DET,DET,1540,DET,DET,11,DET,DET,Detroit Lions,Detroit,Detroit,Lions,detroit-lions,1539,,,
2009,GB,GB,1800,GB,GNB,12,GB,GB,Green Bay Packers,Green Bay,Green Bay,Packers,green-bay-packers,1542,,,
2009,HOU,HOU,2120,HOU,HTX,13,HST,HOU,Houston Texans,Houston,Houston,Texans,houston-texans,1530,,,
2009,IND,IND,2200,IND,CLT,14,IND,IND,Indianapolis Colts,Indianapolis,Indianapolis,Colts,indianapolis-colts,1527,,,
2009,JAX,JAC,2250,JAX,JAX,15,JAX,JAC,Jacksonville Jaguars,Jacksonville,Jacksonville,Jaguars,jacksonville-jaguars,1529,,,
2009,KC,KC,2310,KC,KAN,16,KC,KC,Kansas City Chiefs,Kansas City,Kansas City,Chiefs,kansas-city-chiefs,1531,,,
2009,MIA,MIA,2700,MIA,MIA,17,MIA,MIA,Miami Dolphins,Miami,Miami,Dolphins,miami-dolphins,1524,,,
2009,MIN,MIN,3000,MIN,MIN,18,MIN,MIN,Minnesota Vikings,Minnesota,Minnesota,Vikings,minnesota-vikings,1541,,,
2009,NE,NE,3200,NE,NWE,19,NE,NE,New England Patriots,New England,New England,Patriots,new-england-patriots,1525,,,
2009,NO,NO,3300,NO,NOR,20,NO,NO,New Orleans Saints,New Orleans,New Orleans,Saints,new-orleans-saints,1543,,,
2009,NYG,NYG,3410,NYG,NYG,21,NYG,NYG,New York Giants,New York Giants,NY Giants,Giants,new-york-giants,1535,,,
2009,NYJ,NYJ,3430,NYJ,NYJ,22,NYJ,NYJ,New York Jets,New York Jets,NY Jets,Jets,new-york-jets,1523,,,
2009,OAK,OAK,2520,OAK,RAI,23,OAK,OAK,Oakland Raiders,Oakland,Oakland,Raiders,oakland-raiders,1533,,,
2009,PHI,PHI,3700,PHI,PHI,24,PHI,PHI,Philadelphia Eagles,Philadelphia,Philadelphia,Eagles,philadelphia-eagles,1536,,,
2009,PIT,PIT,3900,PIT,PIT,25,PIT,PIT,Pittsburgh Steelers,Pittsburgh,Pittsburgh,Steelers,pittsburgh-steelers,1519,,,
2009,SD,SD,4400,SD,SDG,27,LAC,SD,San Diego Chargers,San Diego,San Diego,Chargers,san-diego-chargers,1532,,,
2009,SEA,SEA,4600,SEA,SEA,29,SEA,SEA,Seattle Seahawks,Seattle,Seattle,Seahawks,seattle-seahawks,1548,,,
2009,SF,SF,4500,SF,SFO,28,SF,SF,San Francisco 49ers,San Francisco,San Francisco,49ers,san-francisco-49ers,1547,,,
2009,STL,STL,2510,STL,RAM,26,LA,STL,St Louis Rams,St Louis,St. Louis,Rams,st-louis-rams,1550,,,
2009,TB,TB,4900,TB,TAM,30,TB,TB,Tampa Bay Buccaneers,Tampa Bay,Tampa Bay,Buccaneers,tampa-bay-buccaneers,1544,,,
2009,TEN,TEN,2100,TEN,OTI,31,TEN,TEN,Tennessee Titans,Tennessee,Tennessee,Titans,tennessee-titans,1528,,,
2009,WAS,WAS,5110,WSH,WAS,32,WAS,WAS,Washington Redskins,Washington,Washington,Redskins,washington-redskins,1537,,,
2010,ARI,ARI,3800,ARI,CRD,1,ARZ,ARI,Arizona Cardinals,Arizona,Arizona,Cardinals,arizona-cardinals,1549,,,
2010,ATL,ATL,0200,ATL,ATL,2,ATL,ATL,Atlanta Falcons,Atlanta,Atlanta,Falcons,atlanta-falcons,1546,,,
2010,BAL,BAL,0325,BAL,RAV,3,BLT,BAL,Baltimore Ravens,Baltimore,Baltimore,Ravens,baltimore-ravens,1521,,,
2010,BUF,BUF,0610,BUF,BUF,4,BUF,BUF,Buffalo Bills,Buffalo,Buffalo,Bills,buffalo-bills,1526,,,
2010,CAR,CAR,0750,CAR,CAR,5,CAR,CAR,Carolina Panthers,Carolina,Carolina,Panthers,carolina-panthers,1545,,,
2010,CHI,CHI,0810,CHI,CHI,6,CHI,CHI,Chicago Bears,Chicago,Chicago,Bears,chicago-bears,1540,,,
2010,CIN,CIN,0920,CIN,CIN,7,CIN,CIN,Cincinnati Bengals,Cincinnati,Cincinnati,Bengals,cincinnati-bengals,1522,,,
2010,CLE,CLE,1050,CLE,CLE,8,CLV,CLE,Cleveland Browns,Cleveland,Cleveland,Browns,cleveland-browns,1520,,,
2010,DAL,DAL,1200,DAL,DAL,9,DAL,DAL,Dallas Cowboys,Dallas,Dallas,Cowboys,dallas-cowboys,1538,,,
2010,DEN,DEN,1400,DEN,DEN,10,DEN,DEN,Denver Broncos,Denver,Denver,Broncos,denver-broncos,1534,,,
2010,DET,DET,1540,DET,DET,11,DET,DET,Detroit Lions,Detroit,Detroit,Lions,detroit-lions,1539,,,
2010,GB,GB,1800,GB,GNB,12,GB,GB,Green Bay Packers,Green Bay,Green Bay,Packers,green-bay-packers,1542,,,
2010,HOU,HOU,2120,HOU,HTX,13,HST,HOU,Houston Texans,Houston,Houston,Texans,houston-texans,1530,,,
2010,IND,IND,2200,IND,CLT,14,IND,IND,Indianapolis Colts,Indianapolis,Indianapolis,Colts,indianapolis-colts,1527,,,
2010,JAX,JAC,2250,JAX,JAX,15,JAX,JAC,Jacksonville Jaguars,Jacksonville,Jacksonville,Jaguars,jacksonville-jaguars,1529,,,
2010,KC,KC,2310,KC,KAN,16,KC,KC,Kansas City Chiefs,Kansas City,Kansas City,Chiefs,kansas-city-chiefs,1531,,,
2010,MIA,MIA,2700,MIA,MIA,17,MIA,MIA,Miami Dolphins,Miami,Miami,Dolphins,miami-dolphins,1524,,,
2010,MIN,MIN,3000,MIN,MIN,18,MIN,MIN,Minnesota Vikings,Minnesota,Minnesota,Vikings,minnesota-vikings,1541,,,
2010,NE,NE,3200,NE,NWE,19,NE,NE,New England Patriots,New England,New England,Patriots,new-england-patriots,1525,,,
2010,NO,NO,3300,NO,NOR,20,NO,NO,New Orleans Saints,New Orleans,New Orleans,Saints,new-orleans-saints,1543,,,
2010,NYG,NYG,3410,NYG,NYG,21,NYG,NYG,New York Giants,New York Giants,NY Giants,Giants,new-york-giants,1535,,,
2010,NYJ,NYJ,3430,NYJ,NYJ,22,NYJ,NYJ,New York Jets,New York Jets,NY Jets,Jets,new-york-jets,1523,,,
2010,OAK,OAK,2520,OAK,RAI,23,OAK,OAK,Oakland Raiders,Oakland,Oakland,Raiders,oakland-raiders,1533,,,
2010,PHI,PHI,3700,PHI,PHI,24,PHI,PHI,Philadelphia Eagles,Philadelphia,Philadelphia,Eagles,philadelphia-eagles,1536,,,
2010,PIT,PIT,3900,PIT,PIT,25,PIT,PIT,Pittsburgh Steelers,Pittsburgh,Pittsburgh,Steelers,pittsburgh-steelers,1519,,,
2010,SD,SD,4400,SD,SDG,27,LAC,SD,San Diego Chargers,San Diego,San Diego,Chargers,san-diego-chargers,1532,,,
2010,SEA,SEA,4600,SEA,SEA,29,SEA,SEA,Seattle Seahawks,Seattle,Seattle,Seahawks,seattle-seahawks,1548,,,
2010,SF,SF,4500,SF,SFO,28,SF,SF,San Francisco 49ers,San Francisco,San Francisco,49ers,san-francisco-49ers,1547,,,
2010,STL,STL,2510,STL,RAM,26,LA,STL,St Louis Rams,St Louis,St. Louis,Rams,st-louis-rams,1550,,,
2010,TB,TB,4900,TB,TAM,30,TB,TB,Tampa Bay Buccaneers,Tampa Bay,Tampa Bay,Buccaneers,tampa-bay-buccaneers,1544,,,
2010,TEN,TEN,2100,TEN,OTI,31,TEN,TEN,Tennessee Titans,Tennessee,Tennessee,Titans,tennessee-titans,1528,,,
2010,WAS,WAS,5110,WSH,WAS,32,WAS,WAS,Washington Redskins,Washington,Washington,Redskins,washington-redskins,1537,,,
2011,ARI,ARI,3800,ARI,CRD,1,ARZ,ARI,Arizona Cardinals,Arizona,Arizona,Cardinals,arizona-cardinals,1549,,,
2011,ATL,ATL,0200,ATL,ATL,2,ATL,ATL,Atlanta Falcons,Atlanta,Atlanta,Falcons,atlanta-falcons,1546,,,
2011,BAL,BAL,0325,BAL,RAV,3,BLT,BAL,Baltimore Ravens,Baltimore,Baltimore,Ravens,baltimore-ravens,1521,,,
2011,BUF,BUF,0610,BUF,BUF,4,BUF,BUF,Buffalo Bills,Buffalo,Buffalo,Bills,buffalo-bills,1526,,,
2011,CAR,CAR,0750,CAR,CAR,5,CAR,CAR,Carolina Panthers,Carolina,Carolina,Panthers,carolina-panthers,1545,,,
2011,CHI,CHI,0810,CHI,CHI,6,CHI,CHI,Chicago Bears,Chicago,Chicago,Bears,chicago-bears,1540,,,
2011,CIN,CIN,0920,CIN,CIN,7,CIN,CIN,Cincinnati Bengals,Cincinnati,Cincinnati,Bengals,cincinnati-bengals,1522,,,
2011,CLE,CLE,1050,CLE,CLE,8,CLV,CLE,Cleveland Browns,Cleveland,Cleveland,Browns,cleveland-browns,1520,,,
2011,DAL,DAL,1200,DAL,DAL,9,DAL,DAL,Dallas Cowboys,Dallas,Dallas,Cowboys,dallas-cowboys,1538,,,
2011,DEN,DEN,1400,DEN,DEN,10,DEN,DEN,Denver Broncos,Denver,Denver,Broncos,denver-broncos,1534,,,
2011,DET,DET,1540,DET,DET,11,DET,DET,Detroit Lions,Detroit,Detroit,Lions,detroit-lions,1539,,,
2011,GB,GB,1800,GB,GNB,12,GB,GB,Green Bay Packers,Green Bay,Green Bay,Packers,green-bay-packers,1542,,,
2011,HOU,HOU,2120,HOU,HTX,13,HST,HOU,Houston Texans,Houston,Houston,Texans,houston-texans,1530,,,
2011,IND,IND,2200,IND,CLT,14,IND,IND,Indianapolis Colts,Indianapolis,Indianapolis,Colts,indianapolis-colts,1527,,,
2011,JAX,JAC,2250,JAX,JAX,15,JAX,JAC,Jacksonville Jaguars,Jacksonville,Jacksonville,Jaguars,jacksonville-jaguars,1529,,,
2011,KC,KC,2310,KC,KAN,16,KC,KC,Kansas City Chiefs,Kansas City,Kansas City,Chiefs,kansas-city-chiefs,1531,,,
2011,MIA,MIA,2700,MIA,MIA,17,MIA,MIA,Miami Dolphins,Miami,Miami,Dolphins,miami-dolphins,1524,,,
2011,MIN,MIN,3000,MIN,MIN,18,MIN,MIN,Minnesota Vikings,Minnesota,Minnesota,Vikings,minnesota-vikings,1541,,,
2011,NE,NE,3200,NE,NWE,19,NE,NE,New England Patriots,New England,New England,Patriots,new-england-patriots,1525,,,
2011,NO,NO,3300,NO,NOR,20,NO,NO,New Orleans Saints,New Orleans,New Orleans,Saints,new-orleans-saints,1543,,,
2011,NYG,NYG,3410,NYG,NYG,21,NYG,NYG,New York Giants,New York Giants,NY Giants,Giants,new-york-giants,1535,,,
2011,NYJ,NYJ,3430,NYJ,NYJ,22,NYJ,NYJ,New York Jets,New York Jets,NY Jets,Jets,new-york-jets,1523,,,
2011,OAK,OAK,2520,OAK,RAI,23,OAK,OAK,Oakland Raiders,Oakland,Oakland,Raiders,oakland-raiders,1533,,,
2011,PHI,PHI,3700,PHI,PHI,24,PHI,PHI,Philadelphia Eagles,Philadelphia,Philadelphia,Eagles,philadelphia-eagles,1536,,,
2011,PIT,PIT,3900,PIT,PIT,25,PIT,PIT,Pittsburgh Steelers,Pittsburgh,Pittsburgh,Steelers,pittsburgh-steelers,1519,,,
2011,SD,SD,4400,SD,SDG,27,LAC,SD,San Diego Chargers,San Diego,San Diego,Chargers,san-diego-chargers,1532,,,
2011,SEA,SEA,4600,SEA,SEA,29,SEA,SEA,Seattle Seahawks,Seattle,Seattle,Seahawks,seattle-seahawks,1548,,,
2011,SF,SF,4500,SF,SFO,28,SF,SF,San Francisco 49ers,San Francisco,San Francisco,49ers,san-francisco-49ers,1547,,,
2011,STL,STL,2510,STL,RAM,26,LA,STL,St Louis Rams,St Louis,St. Louis,Rams,st-louis-rams,1550,,,
2011,TB,TB,4900,TB,TAM,30,TB,TB,Tampa Bay Buccaneers,Tampa Bay,Tampa Bay,Buccaneers,tampa-bay-buccaneers,1544,,,
2011,TEN,TEN,2100,TEN,OTI,31,TEN,TEN,Tennessee Titans,Tennessee,Tennessee,Titans,tennessee-titans,1528,,,
2011,WAS,WAS,5110,WSH,WAS,32,WAS,WAS,Washington Redskins,Washington,Washington,Redskins,washington-redskins,1537,,,
2012,ARI,ARI,3800,ARI,CRD,1,ARZ,ARI,Arizona Cardinals,Arizona,Arizona,Cardinals,arizona-cardinals,1549,,,
2012,ATL,ATL,0200,ATL,ATL,2,ATL,ATL,Atlanta Falcons,Atlanta,Atlanta,Falcons,atlanta-falcons,1546,,,
2012,BAL,BAL,0325,BAL,RAV,3,BLT,BAL,Baltimore Ravens,Baltimore,Baltimore,Ravens,baltimore-ravens,1521,,,
2012,BUF,BUF,0610,BUF,BUF,4,BUF,BUF,Buffalo Bills,Buffalo,Buffalo,Bills,buffalo-bills,1526,,,
2012,CAR,CAR,0750,CAR,CAR,5,CAR,CAR,Carolina Panthers,Carolina,Carolina,Panthers,carolina-panthers,1545,,,
2012,CHI,CHI,0810,CHI,CHI,6,CHI,CHI,Chicago Bears,Chicago,Chicago,Bears,chicago-bears,1540,,,
2012,CIN,CIN,0920,CIN,CIN,7,CIN,CIN,Cincinnati Bengals,Cincinnati,Cincinnati,Bengals,cincinnati-bengals,1522,,,
2012,CLE,CLE,1050,CLE,CLE,8,CLV,CLE,Cleveland Browns,Cleveland,Cleveland,Browns,cleveland-browns,1520,,,
2012,DAL,DAL,1200,DAL,DAL,9,DAL,DAL,Dallas Cowboys,Dallas,Dallas,Cowboys,dallas-cowboys,1538,,,
2012,DEN,DEN,1400,DEN,DEN,10,DEN,DEN,Denver Broncos,Denver,Denver,Broncos,denver-broncos,1534,,,
2012,DET,DET,1540,DET,DET,11,DET,DET,Detroit Lions,Detroit,Detroit,Lions,detroit-lions,1539,,,
2012,GB,GB,1800,GB,GNB,12,GB,GB,Green Bay Packers,Green Bay,Green Bay,Packers,green-bay-packers,1542,,,
2012,HOU,HOU,2120,HOU,HTX,13,HST,HOU,Houston Texans,Houston,Houston,Texans,houston-texans,1530,,,
2012,IND,IND,2200,IND,CLT,14,IND,IND,Indianapolis Colts,Indianapolis,Indianapolis,Colts,indianapolis-colts,1527,,,
2012,JAX,JAC,2250,JAX,JAX,15,JAX,JAC,Jacksonville Jaguars,Jacksonville,Jacksonville,Jaguars,jacksonville-jaguars,1529,,,
2012,KC,KC,2310,KC,KAN,16,KC,KC,Kansas City Chiefs,Kansas City,Kansas City,Chiefs,kansas-city-chiefs,1531,,,
2012,MIA,MIA,2700,MIA,MIA,17,MIA,MIA,Miami Dolphins,Miami,Miami,Dolphins,miami-dolphins,1524,,,
2012,MIN,MIN,3000,MIN,MIN,18,MIN,MIN,Minnesota Vikings,Minnesota,Minnesota,Vikings,minnesota-vikings,1541,,,
2012,NE,NE,3200,NE,NWE,19,NE,NE,New England Patriots,New England,New England,Patriots,new-england-patriots,1525,,,
2012,NO,NO,3300,NO,NOR,20,NO,NO,New Orleans Saints,New Orleans,New Orleans,Saints,new-orleans-saints,1543,,,
2012,NYG,NYG,3410,NYG,NYG,21,NYG,NYG,New York Giants,New York Giants,NY Giants,Giants,new-york-giants,1535,,,
2012,NYJ,NYJ,3430,NYJ,NYJ,22,NYJ,NYJ,New York Jets,New York Jets,NY Jets,Jets,new-york-jets,1523,,,
2012,OAK,OAK,2520,OAK,RAI,23,OAK,OAK,Oakland Raiders,Oakland,Oakland,Raiders,oakland-raiders,1533,,,
2012,PHI,PHI,3700,PHI,PHI,24,PHI,PHI,Philadelphia Eagles,Philadelphia,Philadelphia,Eagles,philadelphia-eagles,1536,,,
2012,PIT,PIT,3900,PIT,PIT,25,PIT,PIT,Pittsburgh Steelers,Pittsburgh,Pittsburgh,Steelers,pittsburgh-steelers,1519,,,
2012,SD,SD,4400,SD,SDG,27,LAC,SD,San Diego Chargers,San Diego,San Diego,Chargers,san-diego-chargers,1532,,,
2012,SEA,SEA,4600,SEA,SEA,29,SEA,SEA,Seattle Seahawks,Seattle,Seattle,Seahawks,seattle-seahawks,1548,,,
2012,SF,SF,4500,SF,SFO,28,SF,SF,San Francisco 49ers,San Francisco,San Francisco,49ers,san-francisco-49ers,1547,,,
2012,STL,STL,2510,STL,RAM,26,LA,STL,St Louis Rams,St Louis,St. Louis,Rams,st-louis-rams,1550,,,
2012,TB,TB,4900,TB,TAM,30,TB,TB,Tampa Bay Buccaneers,Tampa Bay,Tampa Bay,Buccaneers,tampa-bay-buccaneers,1544,,,
2012,TEN,TEN,2100,TEN,OTI,31,TEN,TEN,Tennessee Titans,Tennessee,Tennessee,Titans,tennessee-titans,1528,,,
2012,WAS,WAS,5110,WSH,WAS,32,WAS,WAS,Washington Redskins,Washington,Washington,Redskins,washington-redskins,1537,,,
2013,ARI,ARI,3800,ARI,CRD,1,ARZ,ARI,Arizona Cardinals,Arizona,Arizona,Cardinals,arizona-cardinals,1549,,,
2013,ATL,ATL,0200,ATL,ATL,2,ATL,ATL,Atlanta Falcons,Atlanta,Atlanta,Falcons,atlanta-falcons,1546,,,
2013,BAL,BAL,0325,BAL,RAV,3,BLT,BAL,Baltimore Ravens,Baltimore,Baltimore,Ravens,baltimore-ravens,1521,,,
2013,BUF,BUF,0610,BUF,BUF,4,BUF,BUF,Buffalo Bills,Buffalo,Buffalo,Bills,buffalo-bills,1526,,,
2013,CAR,CAR,0750,CAR,CAR,5,CAR,CAR,Carolina Panthers,Carolina,Carolina,Panthers,carolina-panthers,1545,,,
2013,CHI,CHI,0810,CHI,CHI,6,CHI,CHI,Chicago Bears,Chicago,Chicago,Bears,chicago-bears,1540,,,
2013,CIN,CIN,0920,CIN,CIN,7,CIN,CIN,Cincinnati Bengals,Cincinnati,Cincinnati,Bengals,cincinnati-bengals,1522,,,
2013,CLE,CLE,1050,CLE,CLE,8,CLV,CLE,Cleveland Browns,Cleveland,Cleveland,Browns,cleveland-browns,1520,,,
2013,DAL,DAL,1200,DAL,DAL,9,DAL,DAL,Dallas Cowboys,Dallas,Dallas,Cowboys,dallas-cowboys,1538,,,
2013,DEN,DEN,1400,DEN,DEN,10,DEN,DEN,Denver Broncos,Denver,Denver,Broncos,denver-broncos,1534,,,
2013,DET,DET,1540,DET,DET,11,DET,DET,Detroit Lions,Detroit,Detroit,Lions,detroit-lions,1539,,,
2013,GB,GB,1800,GB,GNB,12,GB,GB,Green Bay Packers,Green Bay,Green Bay,Packers,green-bay-packers,1542,,,
2013,HOU,HOU,2120,HOU,HTX,13,HST,HOU,Houston Texans,Houston,Houston,Texans,houston-texans,1530,,,
2013,IND,IND,2200,IND,CLT,14,IND,IND,Indianapolis Colts,Indianapolis,Indianapolis,Colts,indianapolis-colts,1527,,,
2013,JAX,JAC,2250,JAX,JAX,15,JAX,JAC,Jacksonville Jaguars,Jacksonville,Jacksonville,Jaguars,jacksonville-jaguars,1529,,,
2013,KC,KC,2310,KC,KAN,16,KC,KC,Kansas City Chiefs,Kansas City,Kansas City,Chiefs,kansas-city-chiefs,1531,,,
2013,MIA,MIA,2700,MIA,MIA,17,MIA,MIA,Miami Dolphins,Miami,Miami,Dolphins,miami-dolphins,1524,,,
2013,MIN,MIN,3000,MIN,MIN,18,MIN,MIN,Minnesota Vikings,Minnesota,Minnesota,Vikings,minnesota-vikings,1541,,,
2013,NE,NE,3200,NE,NWE,19,NE,NE,New England Patriots,New England,New England,Patriots,new-england-patriots,1525,,,
2013,NO,NO,3300,NO,NOR,20,NO,NO,New Orleans Saints,New Orleans,New Orleans,Saints,new-orleans-saints,1543,,,
2013,NYG,NYG,3410,NYG,NYG,21,NYG,NYG,New York Giants,New York Giants,NY Giants,Giants,new-york-giants,1535,,,
2013,NYJ,NYJ,3430,NYJ,NYJ,22,NYJ,NYJ,New York Jets,New York Jets,NY Jets,Jets,new-york-jets,1523,,,
2013,OAK,OAK,2520,OAK,RAI,23,OAK,OAK,Oakland Raiders,Oakland,Oakland,Raiders,oakland-raiders,1533,,,
2013,PHI,PHI,3700,PHI,PHI,24,PHI,PHI,Philadelphia Eagles,Philadelphia,Philadelphia,Eagles,philadelphia-eagles,1536,,,
2013,PIT,PIT,3900,PIT,PIT,25,PIT,PIT,Pittsburgh Steelers,Pittsburgh,Pittsburgh,Steelers,pittsburgh-steelers,1519,,,
2013,SD,SD,4400,SD,SDG,27,LAC,SD,San Diego Chargers,San Diego,San Diego,Chargers,san-diego-chargers,1532,,,
2013,SEA,SEA,4600,SEA,SEA,29,SEA,SEA,Seattle Seahawks,Seattle,Seattle,Seahawks,seattle-seahawks,1548,,,
2013,SF,SF,4500,SF,SFO,28,SF,SF,San Francisco 49ers,San Francisco,San Francisco,49ers,san-francisco-49ers,1547,,,
2013,STL,STL,2510,STL,RAM,26,LA,STL,St Louis Rams,St Louis,St. Louis,Rams,st-louis-rams,1550,,,
2013,TB,TB,4900,TB,TAM,30,TB,TB,Tampa Bay Buccaneers,Tampa Bay,Tampa Bay,Buccaneers,tampa-bay-buccaneers,1544,,,
2013,TEN,TEN,2100,TEN,OTI,31,TEN,TEN,Tennessee Titans,Tennessee,Tennessee,Titans,tennessee-titans,1528,,,
2013,WAS,WAS,5110,WSH,WAS,32,WAS,WAS,Washington Redskins,Washington,Washington,Redskins,washington-redskins,1537,,,
2014,ARI,ARI,3800,ARI,CRD,1,ARZ,ARI,Arizona Cardinals,Arizona,Arizona,Cardinals,arizona-cardinals,1549,,,
2014,ATL,ATL,0200,ATL,ATL,2,ATL,ATL,Atlanta Falcons,Atlanta,Atlanta,Falcons,atlanta-falcons,1546,,,
2014,BAL,BAL,0325,BAL,RAV,3,BLT,BAL,Baltimore Ravens,Baltimore,Baltimore,Ravens,baltimore-ravens,1521,,,
2014,BUF,BUF,0610,BUF,BUF,4,BUF,BUF,Buffalo Bills,Buffalo,Buffalo,Bills,buffalo-bills,1526,,,
2014,CAR,CAR,0750,CAR,CAR,5,CAR,CAR,Carolina Panthers,Carolina,Carolina,Panthers,carolina-panthers,1545,,,
2014,CHI,CHI,0810,CHI,CHI,6,CHI,CHI,Chicago Bears,Chicago,Chicago,Bears,chicago-bears,1540,,,
2014,CIN,CIN,0920,CIN,CIN,7,CIN,CIN,Cincinnati Bengals,Cincinnati,Cincinnati,Bengals,cincinnati-bengals,1522,,,
2014,CLE,CLE,1050,CLE,CLE,8,CLV,CLE,Cleveland Browns,Cleveland,Cleveland,Browns,cleveland-browns,1520,,,
2014,DAL,DAL,1200,DAL,DAL,9,DAL,DAL,Dallas Cowboys,Dallas,Dallas,Cowboys,dallas-cowboys,1538,,,
2014,DEN,DEN,1400,DEN,DEN,10,DEN,DEN,Denver Broncos,Denver,Denver,Broncos,denver-broncos,1534,,,
2014,DET,DET,1540,DET,DET,11,DET,DET,Detroit Lions,Detroit,Detroit,Lions,detroit-lions,1539,,,
2014,GB,GB,1800,GB,GNB,12,GB,GB,Green Bay Packers,Green Bay,Green Bay,Packers,green-bay-packers,1542,,,
2014,HOU,HOU,2120,HOU,HTX,13,HST,HOU,Houston Texans,Houston,Houston,Texans,houston-texans,1530,,,
2014,IND,IND,2200,IND,CLT,14,IND,IND,Indianapolis Colts,Indianapolis,Indianapolis,Colts,indianapolis-colts,1527,,,
2014,JAX,JAC,2250,JAX,JAX,15,JAX,JAC,Jacksonville Jaguars,Jacksonville,Jacksonville,Jaguars,jacksonville-jaguars,1529,,,
2014,KC,KC,2310,KC,KAN,16,KC,KC,Kansas City Chiefs,Kansas City,Kansas City,Chiefs,kansas-city-chiefs,1531,,,
2014,MIA,MIA,2700,MIA,MIA,17,MIA,MIA,Miami Dolphins,Miami,Miami,Dolphins,miami-dolphins,1524,,,
2014,MIN,MIN,3000,MIN,MIN,18,MIN,MIN,Minnesota Vikings,Minnesota,Minnesota,Vikings,minnesota-vikings,1541,,,
2014,NE,NE,3200,NE,NWE,19,NE,NE,New England Patriots,New England,New England,Patriots,new-england-patriots,1525,,,
2014,NO,NO,3300,NO,NOR,20,NO,NO,New Orleans Saints,New Orleans,New Orleans,Saints,new-orleans-saints,1543,,,
2014,NYG,NYG,3410,NYG,NYG,21,NYG,NYG,New York Giants,New York Giants,NY Giants,Giants,new-york-giants,1535,,,
2014,NYJ,NYJ,3430,NYJ,NYJ,22,NYJ,NYJ,New York Jets,New York Jets,NY Jets,Jets,new-york-jets,1523,,,
2014,OAK,OAK,2520,OAK,RAI,23,OAK,OAK,Oakland Raiders,Oakland,Oakland,Raiders,oakland-raiders,1533,,,
2014,PHI,PHI,3700,PHI,PHI,24,PHI,PHI,Philadelphia Eagles,Philadelphia,Philadelphia,Eagles,philadelphia-eagles,1536,,,
2014,PIT,PIT,3900,PIT,PIT,25,PIT,PIT,Pittsburgh Steelers,Pittsburgh,Pittsburgh,Steelers,pittsburgh-steelers,1519,,,
2014,SD,SD,4400,SD,SDG,27,LAC,SD,San Diego Chargers,San Diego,San Diego,Chargers,san-diego-chargers,1532,,,
2014,SEA,SEA,4600,SEA,SEA,29,SEA,SEA,Seattle Seahawks,Seattle,Seattle,Seahawks,seattle-seahawks,1548,,,
2014,SF,SF,4500,SF,SFO,28,SF,SF,San Francisco 49ers,San Francisco,San Francisco,49ers,san-francisco-49ers,1547,,,
2014,STL,STL,2510,STL,RAM,26,LA,STL,St Louis Rams,St Louis,St. Louis,Rams,st-louis-rams,1550,,,
2014,TB,TB,4900,TB,TAM,30,TB,TB,Tampa Bay Buccaneers,Tampa Bay,Tampa Bay,Buccaneers,tampa-bay-buccaneers,1544,,,
2014,TEN,TEN,2100,TEN,OTI,31,TEN,TEN,Tennessee Titans,Tennessee,Tennessee,Titans,tennessee-titans,1528,,,
2014,WAS,WAS,5110,WSH,WAS,32,WAS,WAS,Washington Redskins,Washington,Washington,Redskins,washington-redskins,1537,,,
2015,ARI,ARI,3800,ARI,CRD,1,ARZ,ARI,Arizona Cardinals,Arizona,Arizona,Cardinals,arizona-cardinals,1549,,,
2015,ATL,ATL,0200,ATL,ATL,2,ATL,ATL,Atlanta Falcons,Atlanta,Atlanta,Falcons,atlanta-falcons,1546,,,
2015,BAL,BAL,0325,BAL,RAV,3,BLT,BAL,Baltimore Ravens,Baltimore,Baltimore,Ravens,baltimore-ravens,1521,,,
2015,BUF,BUF,0610,BUF,BUF,4,BUF,BUF,Buffalo Bills,Buffalo,Buffalo,Bills,buffalo-bills,1526,,,
2015,CAR,CAR,0750,CAR,CAR,5,CAR,CAR,Carolina Panthers,Carolina,Carolina,Panthers,carolina-panthers,1545,,,
2015,CHI,CHI,0810,CHI,CHI,6,CHI,CHI,Chicago Bears,Chicago,Chicago,Bears,chicago-bears,1540,,,
2015,CIN,CIN,0920,CIN,CIN,7,CIN,CIN,Cincinnati Bengals,Cincinnati,Cincinnati,Bengals,cincinnati-bengals,1522,,,
2015,CLE,CLE,1050,CLE,CLE,8,CLV,CLE,Cleveland Browns,Cleveland,Cleveland,Browns,cleveland-browns,1520,,,
2015,DAL,DAL,1200,DAL,DAL,9,DAL,DAL,Dallas Cowboys,Dallas,Dallas,Cowboys,dallas-cowboys,1538,,,
2015,DEN,DEN,1400,DEN,DEN,10,DEN,DEN,Denver Broncos,Denver,Denver,Broncos,denver-broncos,1534,,,
2015,DET,DET,1540,DET,DET,11,DET,DET,Detroit Lions,Detroit,Detroit,Lions,detroit-lions,1539,,,
2015,GB,GB,1800,GB,GNB,12,GB,GB,Green Bay Packers,Green Bay,Green Bay,Packers,green-bay-packers,1542,,,
2015,HOU,HOU,2120,HOU,HTX,13,HST,HOU,Houston Texans,Houston,Houston,Texans,houston-texans,1530,,,
2015,IND,IND,2200,IND,CLT,14,IND,IND,Indianapolis Colts,Indianapolis,Indianapolis,Colts,indianapolis-colts,1527,,,
2015,JAX,JAC,2250,JAX,JAX,15,JAX,JAC,Jacksonville Jaguars,Jacksonville,Jacksonville,Jaguars,jacksonville-jaguars,1529,,,
2015,KC,KC,2310,KC,KAN,16,KC,KC,Kansas City Chiefs,Kansas City,Kansas City,Chiefs,kansas-city-chiefs,1531,,,
2015,MIA,MIA,2700,MIA,MIA,17,MIA,MIA,Miami Dolphins,Miami,Miami,Dolphins,miami-dolphins,1524,,,
2015,MIN,MIN,3000,MIN,MIN,18,MIN,MIN,Minnesota Vikings,Minnesota,Minnesota,Vikings,minnesota-vikings,1541,,,
2015,NE,NE,3200,NE,NWE,19,NE,NE,New England Patriots,New England,New England,Patriots,new-england-patriots,1525,,,
2015,NO,NO,3300,NO,NOR,20,NO,NO,New Orleans Saints,New Orleans,New Orleans,Saints,new-orleans-saints,1543,,,
2015,NYG,NYG,3410,NYG,NYG,21,NYG,NYG,New York Giants,New York Giants,NY Giants,Giants,new-york-giants,1535,,,
2015,NYJ,NYJ,3430,NYJ,NYJ,22,NYJ,NYJ,New York Jets,New York Jets,NY Jets,Jets,new-york-jets,1523,,,
2015,OAK,OAK,2520,OAK,RAI,23,OAK,OAK,Oakland Raiders,Oakland,Oakland,Raiders,oakland-raiders,1533,,,
2015,PHI,PHI,3700,PHI,PHI,24,PHI,PHI,Philadelphia Eagles,Philadelphia,Philadelphia,Eagles,philadelphia-eagles,1536,,,
2015,PIT,PIT,3900,PIT,PIT,25,PIT,PIT,Pittsburgh Steelers,Pittsburgh,Pittsburgh,Steelers,pittsburgh-steelers,1519,,,
2015,SD,SD,4400,SD,SDG,27,LAC,SD,San Diego Chargers,San Diego,San Diego,Chargers,san-diego-chargers,1532,,,
2015,SEA,SEA,4600,SEA,SEA,29,SEA,SEA,Seattle Seahawks,Seattle,Seattle,Seahawks,seattle-seahawks,1548,,,
2015,SF,SF,4500,SF,SFO,28,SF,SF,San Francisco 49ers,San Francisco,San Francisco,49ers,san-francisco-49ers,1547,,,
2015,STL,STL,2510,STL,RAM,26,LA,STL,St Louis Rams,St Louis,St. Louis,Rams,st-louis-rams,1550,,,
2015,TB,TB,4900,TB,TAM,30,TB,TB,Tampa Bay Buccaneers,Tampa Bay,Tampa Bay,Buccaneers,tampa-bay-buccaneers,1544,,,
2015,TEN,TEN,2100,TEN,OTI,31,TEN,TEN,Tennessee Titans,Tennessee,Tennessee,Titans,tennessee-titans,1528,,,
2015,WAS,WAS,5110,WSH,WAS,32,WAS,WAS,Washington Redskins,Washington,Washington,Redskins,washington-redskins,1537,,,
2016,ARI,ARI,3800,ARI,CRD,1,ARZ,ARI,Arizona Cardinals,Arizona,Arizona,Cardinals,arizona-cardinals,1549,,,
2016,ATL,ATL,0200,ATL,ATL,2,ATL,ATL,Atlanta Falcons,Atlanta,Atlanta,Falcons,atlanta-falcons,1546,,,
2016,BAL,BAL,0325,BAL,RAV,3,BLT,BAL,Baltimore Ravens,Baltimore,Baltimore,Ravens,baltimore-ravens,1521,,,
2016,BUF,BUF,0610,BUF,BUF,4,BUF,BUF,Buffalo Bills,Buffalo,Buffalo,Bills,buffalo-bills,1526,,,
2016,CAR,CAR,0750,CAR,CAR,5,CAR,CAR,Carolina Panthers,Carolina,Carolina,Panthers,carolina-panthers,1545,,,
2016,CHI,CHI,0810,CHI,CHI,6,CHI,CHI,Chicago Bears,Chicago,Chicago,Bears,chicago-bears,1540,,,
2016,CIN,CIN,0920,CIN,CIN,7,CIN,CIN,Cincinnati Bengals,Cincinnati,Cincinnati,Bengals,cincinnati-bengals,1522,,,
2016,CLE,CLE,1050,CLE,CLE,8,CLV,CLE,Cleveland Browns,Cleveland,Cleveland,Browns,cleveland-browns,1520,,,
2016,DAL,DAL,1200,DAL,DAL,9,DAL,DAL,Dallas Cowboys,Dallas,Dallas,Cowboys,dallas-cowboys,1538,,,
2016,DEN,DEN,1400,DEN,DEN,10,DEN,DEN,Denver Broncos,Denver,Denver,Broncos,denver-broncos,1534,,,
2016,DET,DET,1540,DET,DET,11,DET,DET,Detroit Lions,Detroit,Detroit,Lions,detroit-lions,1539,,,
2016,GB,GB,1800,GB,GNB,12,GB,GB,Green Bay Packers,Green Bay,Green Bay,Packers,green-bay-packers,1542,,,
2016,HOU,HOU,2120,HOU,HTX,13,HST,HOU,Houston Texans,Houston,Houston,Texans,houston-texans,1530,,,
2016,IND,IND,2200,IND,CLT,14,IND,IND,Indianapolis Colts,Indianapolis,Indianapolis,Colts,indianapolis-colts,1527,,,
2016,JAX,JAX,2250,JAX,JAX,15,JAX,JAC,Jacksonville Jaguars,Jacksonville,Jacksonville,Jaguars,jacksonville-jaguars,1529,,,
2016,KC,KC,2310,KC,KAN,16,KC,KC,Kansas City Chiefs,Kansas City,Kansas City,Chiefs,kansas-city-chiefs,1531,,,
2016,LA,LA,2510,LAR,RAM,26,LA,LARM,Los Angeles Rams,Los Angeles Rams,Los Angeles,Rams,los-angeles-rams,1550,,,
2016,MIA,MIA,2700,MIA,MIA,17,MIA,MIA,Miami Dolphins,Miami,Miami,Dolphins,miami-dolphins,1524,,,
2016,MIN,MIN,3000,MIN,MIN,18,MIN,MIN,Minnesota Vikings,Minnesota,Minnesota,Vikings,minnesota-vikings,1541,,,
2016,NE,NE,3200,NE,NWE,19,NE,NE,New England Patriots,New England,New England,Patriots,new-england-patriots,1525,,,
2016,NO,NO,3300,NO,NOR,20,NO,NO,New Orleans Saints,New Orleans,New Orleans,Saints,new-orleans-saints,1543,,,
2016,NYG,NYG,3410,NYG,NYG,21,NYG,NYG,New York Giants,New York Giants,NY Giants,Giants,new-york-giants,1535,,,
2016,NYJ,NYJ,3430,NYJ,NYJ,22,NYJ,NYJ,New York Jets,New York Jets,NY Jets,Jets,new-york-jets,1523,,,
2016,OAK,OAK,2520,OAK,RAI,23,OAK,OAK,Oakland Raiders,Oakland,Oakland,Raiders,oakland-raiders,1533,,,
2016,PHI,PHI,3700,PHI,PHI,24,PHI,PHI,Philadelphia Eagles,Philadelphia,Philadelphia,Eagles,philadelphia-eagles,1536,,,
2016,PIT,PIT,3900,PIT,PIT,25,PIT,PIT,Pittsburgh Steelers,Pittsburgh,Pittsburgh,Steelers,pittsburgh-steelers,1519,,,
2016,SD,SD,4400,SD,SDG,27,LAC,SD,San Diego Chargers,San Diego,San Diego,Chargers,san-diego-chargers,1532,,,
2016,SEA,SEA,4600,SEA,SEA,29,SEA,SEA,Seattle Seahawks,Seattle,Seattle,Seahawks,seattle-seahawks,1548,,,
2016,SF,SF,4500,SF,SFO,28,SF,SF,San Francisco 49ers,San Francisco,San Francisco,49ers,san-francisco-49ers,1547,,,
2016,TB,TB,4900,TB,TAM,30,TB,TB,Tampa Bay Buccaneers,Tampa Bay,Tampa Bay,Buccaneers,tampa-bay-buccaneers,1544,,,
2016,TEN,TEN,2100,TEN,OTI,31,TEN,TEN,Tennessee Titans,Tennessee,Tennessee,Titans,tennessee-titans,1528,,,
2016,WAS,WAS,5110,WSH,WAS,32,WAS,WAS,Washington Redskins,Washington,Washington,Redskins,washington-redskins,1537,,,
2017,ARI,ARI,3800,ARI,CRD,1,ARZ,ARI,Arizona Cardinals,Arizona,Arizona,Cardinals,arizona-cardinals,1549,,,
2017,ATL,ATL,0200,ATL,ATL,2,ATL,ATL,Atlanta Falcons,Atlanta,Atlanta,Falcons,atlanta-falcons,1546,,,
2017,BAL,BAL,0325,BAL,RAV,3,BLT,BAL,Baltimore Ravens,Baltimore,Baltimore,Ravens,baltimore-ravens,1521,,,
2017,BUF,BUF,0610,BUF,BUF,4,BUF,BUF,Buffalo Bills,Buffalo,Buffalo,Bills,buffalo-bills,1526,,,
2017,CAR,CAR,0750,CAR,CAR,5,CAR,CAR,Carolina Panthers,Carolina,Carolina,Panthers,carolina-panthers,1545,,,
2017,CHI,CHI,0810,CHI,CHI,6,CHI,CHI,Chicago Bears,Chicago,Chicago,Bears,chicago-bears,1540,,,
2017,CIN,CIN,0920,CIN,CIN,7,CIN,CIN,Cincinnati Bengals,Cincinnati,Cincinnati,Bengals,cincinnati-bengals,1522,,,
2017,CLE,CLE,1050,CLE,CLE,8,CLV,CLE,Cleveland Browns,Cleveland,Cleveland,Browns,cleveland-browns,1520,,,
2017,DAL,DAL,1200,DAL,DAL,9,DAL,DAL,Dallas Cowboys,Dallas,Dallas,Cowboys,dallas-cowboys,1538,,,
2017,DEN,DEN,1400,DEN,DEN,10,DEN,DEN,Denver Broncos,Denver,Denver,Broncos,denver-broncos,1534,,,
2017,DET,DET,1540,DET,DET,11,DET,DET,Detroit Lions,Detroit,Detroit,Lions,detroit-lions,1539,,,
2017,GB,GB,1800,GB,GNB,12,GB,GB,Green Bay Packers,Green Bay,Green Bay,Packers,green-bay-packers,1542,,,
2017,HOU,HOU,2120,HOU,HTX,13,HST,HOU,Houston Texans,Houston,Houston,Texans,houston-texans,1530,,,
2017,IND,IND,2200,IND,CLT,14,IND,IND,Indianapolis Colts,Indianapolis,Indianapolis,Colts,indianapolis-colts,1527,,,
2017,JAX,JAX,2250,JAX,JAX,15,JAX,JAC,Jacksonville Jaguars,Jacksonville,Jacksonville,Jaguars,jacksonville-jaguars,1529,,,
2017,KC,KC,2310,KC,KAN,16,KC,KC,Kansas City Chiefs,Kansas City,Kansas City,Chiefs,kansas-city-chiefs,1531,,,
2017,LAC,LAC,4400,LAC,SDG,27,LAC,LACH,Los Angeles Chargers,Los Angeles Chargers,LA Chargers,Chargers,los-angeles-chargers,75380,,,
2017,LA,LA,2510,LAR,RAM,26,LA,LARM,Los Angeles Rams,Los Angeles Rams,LA Rams,Rams,los-angeles-rams,1550,,,
2017,MIA,MIA,2700,MIA,MIA,17,MIA,MIA,Miami Dolphins,Miami,Miami,Dolphins,miami-dolphins,1524,,,
2017,MIN,MIN,3000,MIN,MIN,18,MIN,MIN,Minnesota Vikings,Minnesota,Minnesota,Vikings,minnesota-vikings,1541,,,
2017,NE,NE,3200,NE,NWE,19,NE,NE,New England Patriots,New England,New England,Patriots,new-england-patriots,1525,,,
2017,NO,NO,3300,NO,NOR,20,NO,NO,New Orleans Saints,New Orleans,New Orleans,Saints,new-orleans-saints,1543,,,
2017,NYG,NYG,3410,NYG,NYG,21,NYG,NYG,New York Giants,New York Giants,NY Giants,Giants,new-york-giants,1535,,,
2017,NYJ,NYJ,3430,NYJ,NYJ,22,NYJ,NYJ,New York Jets,New York Jets,NY Jets,Jets,new-york-jets,1523,,,
2017,OAK,OAK,2520,OAK,RAI,23,OAK,OAK,Oakland Raiders,Oakland,Oakland,Raiders,oakland-raiders,1533,,,
2017,PHI,PHI,3700,PHI,PHI,24,PHI,PHI,Philadelphia Eagles,Philadelphia,Philadelphia,Eagles,philadelphia-eagles,1536,,,
2017,PIT,PIT,3900,PIT,PIT,25,PIT,PIT,Pittsburgh Steelers,Pittsburgh,Pittsburgh,Steelers,pittsburgh-steelers,1519,,,
2017,SEA,SEA,4600,SEA,SEA,29,SEA,SEA,Seattle Seahawks,Seattle,Seattle,Seahawks,seattle-seahawks,1548,,,
2017,SF,SF,4500,SF,SFO,28,SF,SF,San Francisco 49ers,San Francisco,San Francisco,49ers,san-francisco-49ers,1547,,,
2017,TB,TB,4900,TB,TAM,30,TB,TB,Tampa Bay Buccaneers,Tampa Bay,Tampa Bay,Buccaneers,tampa-bay-buccaneers,1544,,,
2017,TEN,TEN,2100,TEN,OTI,31,TEN,TEN,Tennessee Titans,Tennessee,Tennessee,Titans,tennessee-titans,1528,,,
2017,WAS,WAS,5110,WSH,WAS,32,WAS,WAS,Washington Redskins,Washington,Washington,Redskins,washington-redskins,1537,,,
2018,ARI,ARI,3800,ARI,CRD,1,ARZ,ARI,Arizona Cardinals,Arizona,Arizona,Cardinals,arizona-cardinals,1549,,,
2018,ATL,ATL,0200,ATL,ATL,2,ATL,ATL,Atlanta Falcons,Atlanta,Atlanta,Falcons,atlanta-falcons,1546,,,
2018,BAL,BAL,0325,BAL,RAV,3,BLT,BAL,Baltimore Ravens,Baltimore,Baltimore,Ravens,baltimore-ravens,1521,,,
2018,BUF,BUF,0610,BUF,BUF,4,BUF,BUF,Buffalo Bills,Buffalo,Buffalo,Bills,buffalo-bills,1526,,,
2018,CAR,CAR,0750,CAR,CAR,5,CAR,CAR,Carolina Panthers,Carolina,Carolina,Panthers,carolina-panthers,1545,,,
2018,CHI,CHI,0810,CHI,CHI,6,CHI,CHI,Chicago Bears,Chicago,Chicago,Bears,chicago-bears,1540,,,
2018,CIN,CIN,0920,CIN,CIN,7,CIN,CIN,Cincinnati Bengals,Cincinnati,Cincinnati,Bengals,cincinnati-bengals,1522,,,
2018,CLE,CLE,1050,CLE,CLE,8,CLV,CLE,Cleveland Browns,Cleveland,Cleveland,Browns,cleveland-browns,1520,,,
2018,DAL,DAL,1200,DAL,DAL,9,DAL,DAL,Dallas Cowboys,Dallas,Dallas,Cowboys,dallas-cowboys,1538,,,
2018,DEN,DEN,1400,DEN,DEN,10,DEN,DEN,Denver Broncos,Denver,Denver,Broncos,denver-broncos,1534,,,
2018,DET,DET,1540,DET,DET,11,DET,DET,Detroit Lions,Detroit,Detroit,Lions,detroit-lions,1539,,,
2018,GB,GB,1800,GB,GNB,12,GB,GB,Green Bay Packers,Green Bay,Green Bay,Packers,green-bay-packers,1542,,,
2018,HOU,HOU,2120,HOU,HTX,13,HST,HOU,Houston Texans,Houston,Houston,Texans,houston-texans,1530,,,
2018,IND,IND,2200,IND,CLT,14,IND,IND,Indianapolis Colts,Indianapolis,Indianapolis,Colts,indianapolis-colts,1527,,,
2018,JAX,JAX,2250,JAX,JAX,15,JAX,JAX,Jacksonville Jaguars,Jacksonville,Jacksonville,Jaguars,jacksonville-jaguars,1529,,,
2018,KC,KC,2310,KC,KAN,16,KC,KC,Kansas City Chiefs,Kansas City,Kansas City,Chiefs,kansas-city-chiefs,1531,,,
2018,LAC,LAC,4400,LAC,SDG,27,LAC,LAC,Los Angeles Chargers,Los Angeles Chargers,LA Chargers,Chargers,los-angeles-chargers,75380,,,
2018,LA,LA,2510,LAR,RAM,26,LA,LAR,Los Angeles Rams,Los Angeles Rams,LA Rams,Rams,los-angeles-rams,1550,,,
2018,MIA,MIA,2700,MIA,MIA,17,MIA,MIA,Miami Dolphins,Miami,Miami,Dolphins,miami-dolphins,1524,,,
2018,MIN,MIN,3000,MIN,MIN,18,MIN,MIN,Minnesota Vikings,Minnesota,Minnesota,Vikings,minnesota-vikings,1541,,,
2018,NE,NE,3200,NE,NWE,19,NE,NE,New England Patriots,New England,New England,Patriots,new-england-patriots,1525,,,
2018,NO,NO,3300,NO,NOR,20,NO,NO,New Orleans Saints,New Orleans,New Orleans,Saints,new-orleans-saints,1543,,,
2018,NYG,NYG,3410,NYG,NYG,21,NYG,NYG,New York Giants,New York Giants,NY Giants,Giants,new-york-giants,1535,,,
2018,NYJ,NYJ,3430,NYJ,NYJ,22,NYJ,NYJ,New York Jets,New York Jets,NY Jets,Jets,new-york-jets,1523,,,
2018,OAK,OAK,2520,OAK,RAI,23,OAK,OAK,Oakland Raiders,Oakland,Oakland,Raiders,oakland-raiders,1533,,,
2018,PHI,PHI,3700,PHI,PHI,24,PHI,PHI,Philadelphia Eagles,Philadelphia,Philadelphia,Eagles,philadelphia-eagles,1536,,,
2018,PIT,PIT,3900,PIT,PIT,25,PIT,PIT,Pittsburgh Steelers,Pittsburgh,Pittsburgh,Steelers,pittsburgh-steelers,1519,,,
2018,SEA,SEA,4600,SEA,SEA,29,SEA,SEA,Seattle Seahawks,Seattle,Seattle,Seahawks,seattle-seahawks,1548,,,
2018,SF,SF,4500,SF,SFO,28,SF,SF,San Francisco 49ers,San Francisco,San Francisco,49ers,san-francisco-49ers,1547,,,
2018,TB,TB,4900,TB,TAM,30,TB,TB,Tampa Bay Buccaneers,Tampa Bay,Tampa Bay,Buccaneers,tampa-bay-buccaneers,1544,,,
2018,TEN,TEN,2100,TEN,OTI,31,TEN,TEN,Tennessee Titans,Tennessee,Tennessee,Titans,tennessee-titans,1528,,,
2018,WAS,WAS,5110,WSH,WAS,32,WAS,WAS,Washington Redskins,Washington,Washington,Redskins,washington-redskins,1537,,,
2019,ARI,ARI,3800,ARI,CRD,1,ARZ,ARI,Arizona Cardinals,Arizona,Arizona,Cardinals,arizona-cardinals,1549,,,
2019,ATL,ATL,0200,ATL,ATL,2,ATL,ATL,Atlanta Falcons,Atlanta,Atlanta,Falcons,atlanta-falcons,1546,,,
2019,BAL,BAL,0325,BAL,RAV,3,BLT,BAL,Baltimore Ravens,Baltimore,Baltimore,Ravens,baltimore-ravens,1521,,,
2019,BUF,BUF,0610,BUF,BUF,4,BUF,BUF,Buffalo Bills,Buffalo,Buffalo,Bills,buffalo-bills,1526,,,
2019,CAR,CAR,0750,CAR,CAR,5,CAR,CAR,Carolina Panthers,Carolina,Carolina,Panthers,carolina-panthers,1545,,,
2019,CHI,CHI,0810,CHI,CHI,6,CHI,CHI,Chicago Bears,Chicago,Chicago,Bears,chicago-bears,1540,,,
2019,CIN,CIN,0920,CIN,CIN,7,CIN,CIN,Cincinnati Bengals,Cincinnati,Cincinnati,Bengals,cincinnati-bengals,1522,,,
2019,CLE,CLE,1050,CLE,CLE,8,CLV,CLE,Cleveland Browns,Cleveland,Cleveland,Browns,cleveland-browns,1520,,,
2019,DAL,DAL,1200,DAL,DAL,9,DAL,DAL,Dallas Cowboys,Dallas,Dallas,Cowboys,dallas-cowboys,1538,,,
2019,DEN,DEN,1400,DEN,DEN,10,DEN,DEN,Denver Broncos,Denver,Denver,Broncos,denver-broncos,1534,,,
2019,DET,DET,1540,DET,DET,11,DET,DET,Detroit Lions,Detroit,Detroit,Lions,detroit-lions,1539,,,
2019,GB,GB,1800,GB,GNB,12,GB,GB,Green Bay Packers,Green Bay,Green Bay,Packers,green-bay-packers,1542,,,
2019,HOU,HOU,2120,HOU,HTX,13,HST,HOU,Houston Texans,Houston,Houston,Texans,houston-texans,1530,,,
2019,IND,IND,2200,IND,CLT,14,IND,IND,Indianapolis Colts,Indianapolis,Indianapolis,Colts,indianapolis-colts,1527,,,
2019,JAX,JAX,2250,JAX,JAX,15,JAX,JAX,Jacksonville Jaguars,Jacksonville,Jacksonville,Jaguars,jacksonville-jaguars,1529,,,
2019,KC,KC,2310,KC,KAN,16,KC,KC,Kansas City Chiefs,Kansas City,Kansas City,Chiefs,kansas-city-chiefs,1531,,,
2019,LAC,LAC,4400,LAC,SDG,27,LAC,LAC,Los Angeles Chargers,Los Angeles Chargers,LA Chargers,Chargers,los-angeles-chargers,75380,,,
2019,LA,LA,2510,LAR,RAM,26,LA,LAR,Los Angeles Rams,Los Angeles Rams,LA Rams,Rams,los-angeles-rams,1550,,,
2019,MIA,MIA,2700,MIA,MIA,17,MIA,MIA,Miami Dolphins,Miami,Miami,Dolphins,miami-dolphins,1524,,,
2019,MIN,MIN,3000,MIN,MIN,18,MIN,MIN,Minnesota Vikings,Minnesota,Minnesota,Vikings,minnesota-vikings,1541,,,
2019,NE,NE,3200,NE,NWE,19,NE,NE,New England Patriots,New England,New England,Patriots,new-england-patriots,1525,,,
2019,NO,NO,3300,NO,NOR,20,NO,NO,New Orleans Saints,New Orleans,New Orleans,Saints,new-orleans-saints,1543,,,
2019,NYG,NYG,3410,NYG,NYG,21,NYG,NYG,New York Giants,New York Giants,NY Giants,Giants,new-york-giants,1535,,,
2019,NYJ,NYJ,3430,NYJ,NYJ,22,NYJ,NYJ,New York Jets,New York Jets,NY Jets,Jets,new-york-jets,1523,,,
2019,OAK,OAK,2520,OAK,RAI,23,OAK,OAK,Oakland Raiders,Oakland,Oakland,Raiders,oakland-raiders,1533,,,
2019,PHI,PHI,3700,PHI,PHI,24,PHI,PHI,Philadelphia Eagles,Philadelphia,Philadelphia,Eagles,philadelphia-eagles,1536,,,
2019,PIT,PIT,3900,PIT,PIT,25,PIT,PIT,Pittsburgh Steelers,Pittsburgh,Pittsburgh,Steelers,pittsburgh-steelers,1519,,,
2019,SEA,SEA,4600,SEA,SEA,29,SEA,SEA,Seattle Seahawks,Seattle,Seattle,Seahawks,seattle-seahawks,1548,,,
2019,SF,SF,4500,SF,SFO,28,SF,SF,San Francisco 49ers,San Francisco,San Francisco,49ers,san-francisco-49ers,1547,,,
2019,TB,TB,4900,TB,TAM,30,TB,TB,Tampa Bay Buccaneers,Tampa Bay,Tampa Bay,Buccaneers,tampa-bay-buccaneers,1544,,,
2019,TEN,TEN,2100,TEN,OTI,31,TEN,TEN,Tennessee Titans,Tennessee,Tennessee,Titans,tennessee-titans,1528,,,
2019,WAS,WAS,5110,WSH,WAS,32,WAS,WAS,Washington Redskins,Washington,Washington,Redskins,washington-redskins,1537,,,
2020,ARI,ARI,3800,ARI,CRD,1,ARZ,ARI,Arizona Cardinals,Arizona,Arizona,Cardinals,arizona-cardinals,1549,4078262,Arizona Cardinals,ARI Cardinals
2020,ATL,ATL,0200,ATL,ATL,2,ATL,ATL,Atlanta Falcons,Atlanta,Atlanta,Falcons,atlanta-falcons,1546,4090120,Atlanta Falcons,ATL Falcons
2020,BAL,BAL,0325,BAL,RAV,3,BLT,BAL,Baltimore Ravens,Baltimore,Baltimore,Ravens,baltimore-ravens,1521,4078403,Baltimore Ravens,BAL Ravens
2020,BUF,BUF,0610,BUF,BUF,4,BUF,BUF,Buffalo Bills,Buffalo,Buffalo,Bills,buffalo-bills,1526,4078404,Buffalo Bills,BUF Bills
2020,CAR,CAR,0750,CAR,CAR,5,CAR,CAR,Carolina Panthers,Carolina,Carolina,Panthers,carolina-panthers,1545,4078406,Carolina Panthers,CAR Panthers
2020,CHI,CHI,0810,CHI,CHI,6,CHI,CHI,Chicago Bears,Chicago,Chicago,Bears,chicago-bears,1540,4078407,Chicago Bears,CHI Bears
2020,CIN,CIN,0920,CIN,CIN,7,CIN,CIN,Cincinnati Bengals,Cincinnati,Cincinnati,Bengals,cincinnati-bengals,1522,4078408,Cincinnati Bengals,CIN Bengals
2020,CLE,CLE,1050,CLE,CLE,8,CLV,CLE,Cleveland Browns,Cleveland,Cleveland,Browns,cleveland-browns,1520,4078409,Cleveland Browns,CLE Browns
2020,DAL,DAL,1200,DAL,DAL,9,DAL,DAL,Dallas Cowboys,Dallas,Dallas,Cowboys,dallas-cowboys,1538,4078410,Dallas Cowboys,DAL Cowboys
2020,DEN,DEN,1400,DEN,DEN,10,DEN,DEN,Denver Broncos,Denver,Denver,Broncos,denver-broncos,1534,4078411,Denver Broncos,DEN Broncos
2020,DET,DET,1540,DET,DET,11,DET,DET,Detroit Lions,Detroit,Detroit,Lions,detroit-lions,1539,4078412,Detroit Lions,DET Lions
2020,GB,GB,1800,GB,GNB,12,GB,GB,Green Bay Packers,Green Bay,Green Bay,Packers,green-bay-packers,1542,4078413,Green Bay Packers,GB Packers
2020,HOU,HOU,2120,HOU,HTX,13,HST,HOU,Houston Texans,Houston,Houston,Texans,houston-texans,1530,4078414,Houston Texans,HOU Texans
2020,IND,IND,2200,IND,CLT,14,IND,IND,Indianapolis Colts,Indianapolis,Indianapolis,Colts,indianapolis-colts,1527,4078415,Indianapolis Colts,IND Colts
2020,JAX,JAC,2250,JAX,JAX,15,JAX,JAX,Jacksonville Jaguars,Jacksonville,Jacksonville,Jaguars,jacksonville-jaguars,1529,4078416,Jacksonville Jaguars,JAX Jaguars
2020,KC,KC,2310,KC,KAN,16,KC,KC,Kansas City Chiefs,Kansas City,Kansas City,Chiefs,kansas-city-chiefs,1531,4078255,Kansas City Chiefs,KC Chiefs
2020,LAC,LAC,4400,LAC,SDG,27,LAC,LAC,Los Angeles Chargers,Los Angeles Chargers,LA Chargers,Chargers,los-angeles-chargers,75380,4078418,Los Angeles Chargers,LA Chargers
2020,LA,LA,2510,LAR,RAM,26,LA,LAR,Los Angeles Rams,Los Angeles Rams,LA Rams,Rams,los-angeles-rams,1550,4078419,Los Angeles Rams,LA Rams
2020,LV,LV,2520,LV,RAI,23,LV,LV,Las Vegas Raiders,Las Vegas,Las Vegas,Raiders,las-vegas-raiders,1533,4078417,Las Vegas Raiders,LV Raiders
2020,MIA,MIA,2700,MIA,MIA,17,MIA,MIA,Miami Dolphins,Miami,Miami,Dolphins,miami-dolphins,1524,4078420,Miami Dolphins,MIA Dolphins
2020,MIN,MIN,3000,MIN,MIN,18,MIN,MIN,Minnesota Vikings,Minnesota,Minnesota,Vikings,minnesota-vikings,1541,4078421,Minnesota Vikings,MIN Vikings
2020,NE,NE,3200,NE,NWE,19,NE,NE,New England Patriots,New England,New England,Patriots,new-england-patriots,1525,4078422,New England Patriots,NE Patriots
2020,NO,NO,3300,NO,NOR,20,NO,NO,New Orleans Saints,New Orleans,New Orleans,Saints,new-orleans-saints,1543,4078423,New Orleans Saints,NO Saints
2020,NYG,NYG,3410,NYG,NYG,21,NYG,NYG,New York Giants,New York Giants,NY Giants,Giants,new-york-giants,1535,4078424,N.Y. Giants,NY Giants
2020,NYJ,NYJ,3430,NYJ,NYJ,22,NYJ,NYJ,New York Jets,New York Jets,NY Jets,Jets,new-york-jets,1523,4078425,N.Y. Jets,NY Jets
2020,PHI,PHI,3700,PHI,PHI,24,PHI,PHI,Philadelphia Eagles,Philadelphia,Philadelphia,Eagles,philadelphia-eagles,1536,4078426,Philadelphia Eagles,PHI Eagles
2020,PIT,PIT,3900,PIT,PIT,25,PIT,PIT,Pittsburgh Steelers,Pittsburgh,Pittsburgh,Steelers,pittsburgh-steelers,1519,4078427,Pittsburgh Steelers,PIT Steelers
2020,SEA,SEA,4600,SEA,SEA,29,SEA,SEA,Seattle Seahawks,Seattle,Seattle,Seahawks,seattle-seahawks,1548,4078429,Seattle Seahawks,SEA Seahawks
2020,SF,SF,4500,SF,SFO,28,SF,SF,San Francisco 49ers,San Francisco,San Francisco,49ers,san-francisco-49ers,1547,4078428,San Francisco 49ers,SF 49ers
2020,TB,TB,4900,TB,TAM,30,TB,TB,Tampa Bay Buccaneers,Tampa Bay,Tampa Bay,Buccaneers,tampa-bay-buccaneers,1544,4078430,Tampa Bay Buccaneers,TB Buccaneers
2020,TEN,TEN,2100,TEN,OTI,31,TEN,TEN,Tennessee Titans,Tennessee,Tennessee,Titans,tennessee-titans,1528,4078431,Tennessee Titans,TEN Titans
2020,WAS,WAS,5110,WSH,WAS,32,WAS,WAS,Washington Football Team,Washington,Washington,Football Team,washington-football-team,1537,4078432,Washington Football Team,WAS Football Team
2021,ARI,ARI,3800,ARI,CRD,1,ARZ,ARI,Arizona Cardinals,Arizona,Arizona,Cardinals,arizona-cardinals,1549,,Arizona Cardinals,ARI Cardinals
2021,ATL,ATL,0200,ATL,ATL,2,ATL,ATL,Atlanta Falcons,Atlanta,Atlanta,Falcons,atlanta-falcons,1546,,Atlanta Falcons,ATL Falcons
2021,BAL,BAL,0325,BAL,RAV,3,BLT,BAL,Baltimore Ravens,Baltimore,Baltimore,Ravens,baltimore-ravens,1521,,Baltimore Ravens,BAL Ravens
2021,BUF,BUF,0610,BUF,BUF,4,BUF,BUF,Buffalo Bills,Buffalo,Buffalo,Bills,buffalo-bills,1526,,Buffalo Bills,BUF Bills
2021,CAR,CAR,0750,CAR,CAR,5,CAR,CAR,Carolina Panthers,Carolina,Carolina,Panthers,carolina-panthers,1545,,Carolina Panthers,CAR Panthers
2021,CHI,CHI,0810,CHI,CHI,6,CHI,CHI,Chicago Bears,Chicago,Chicago,Bears,chicago-bears,1540,,Chicago Bears,CHI Bears
2021,CIN,CIN,0920,CIN,CIN,7,CIN,CIN,Cincinnati Bengals,Cincinnati,Cincinnati,Bengals,cincinnati-bengals,1522,,Cincinnati Bengals,CIN Bengals
2021,CLE,CLE,1050,CLE,CLE,8,CLV,CLE,Cleveland Browns,Cleveland,Cleveland,Browns,cleveland-browns,1520,,Cleveland Browns,CLE Browns
2021,DAL,DAL,1200,DAL,DAL,9,DAL,DAL,Dallas Cowboys,Dallas,Dallas,Cowboys,dallas-cowboys,1538,,Dallas Cowboys,DAL Cowboys
2021,DEN,DEN,1400,DEN,DEN,10,DEN,DEN,Denver Broncos,Denver,Denver,Broncos,denver-broncos,1534,,Denver Broncos,DEN Broncos
2021,DET,DET,1540,DET,DET,11,DET,DET,Detroit Lions,Detroit,Detroit,Lions,detroit-lions,1539,,Detroit Lions,DET Lions
2021,GB,GB,1800,GB,GNB,12,GB,GB,Green Bay Packers,Green Bay,Green Bay,Packers,green-bay-packers,1542,,Green Bay Packers,GB Packers
2021,HOU,HOU,2120,HOU,HTX,13,HST,HOU,Houston Texans,Houston,Houston,Texans,houston-texans,1530,,Houston Texans,HOU Texans
2021,IND,IND,2200,IND,CLT,14,IND,IND,Indianapolis Colts,Indianapolis,Indianapolis,Colts,indianapolis-colts,1527,,Indianapolis Colts,IND Colts
2021,JAX,JAC,2250,JAX,JAX,15,JAX,JAX,Jacksonville Jaguars,Jacksonville,Jacksonville,Jaguars,jacksonville-jaguars,1529,,Jacksonville Jaguars,JAX Jaguars
2021,KC,KC,2310,KC,KAN,16,KC,KC,Kansas City Chiefs,Kansas City,Kansas City,Chiefs,kansas-city-chiefs,1531,,Kansas City Chiefs,KC Chiefs
2021,LAC,LAC,4400,LAC,SDG,27,LAC,LAC,Los Angeles Chargers,Los Angeles Chargers,LA Chargers,Chargers,los-angeles-chargers,75380,,Los Angeles Chargers,LA Chargers
2021,LA,LA,2510,LAR,RAM,26,LA,LAR,Los Angeles Rams,Los Angeles Rams,LA Rams,Rams,los-angeles-rams,1550,,Los Angeles Rams,LA Rams
2021,LV,LV,2520,LV,RAI,23,LV,LV,Las Vegas Raiders,Las Vegas,Las Vegas,Raiders,las-vegas-raiders,1533,,Las Vegas Raiders,LV Raiders
2021,MIA,MIA,2700,MIA,MIA,17,MIA,MIA,Miami Dolphins,Miami,Miami,Dolphins,miami-dolphins,1524,,Miami Dolphins,MIA Dolphins
2021,MIN,MIN,3000,MIN,MIN,18,MIN,MIN,Minnesota Vikings,Minnesota,Minnesota,Vikings,minnesota-vikings,1541,,Minnesota Vikings,MIN Vikings
2021,NE,NE,3200,NE,NWE,19,NE,NE,New England Patriots,New England,New England,Patriots,new-england-patriots,1525,,New England Patriots,NE Patriots
2021,NO,NO,3300,NO,NOR,20,NO,NO,New Orleans Saints,New Orleans,New Orleans,Saints,new-orleans-saints,1543,,New Orleans Saints,NO Saints
2021,NYG,NYG,3410,NYG,NYG,21,NYG,NYG,New York Giants,New York Giants,NY Giants,Giants,new-york-giants,1535,,N.Y. Giants,NY Giants
2021,NYJ,NYJ,3430,NYJ,NYJ,22,NYJ,NYJ,New York Jets,New York Jets,NY Jets,Jets,new-york-jets,1523,,N.Y. Jets,NY Jets
2021,PHI,PHI,3700,PHI,PHI,24,PHI,PHI,Philadelphia Eagles,Philadelphia,Philadelphia,Eagles,philadelphia-eagles,1536,,Philadelphia Eagles,PHI Eagles
2021,PIT,PIT,3900,PIT,PIT,25,PIT,PIT,Pittsburgh Steelers,Pittsburgh,Pittsburgh,Steelers,pittsburgh-steelers,1519,,Pittsburgh Steelers,PIT Steelers
2021,SEA,SEA,4600,SEA,SEA,29,SEA,SEA,Seattle Seahawks,Seattle,Seattle,Seahawks,seattle-seahawks,1548,,Seattle Seahawks,SEA Seahawks
2021,SF,SF,4500,SF,SFO,28,SF,SF,San Francisco 49ers,San Francisco,San Francisco,49ers,san-francisco-49ers,1547,,San Francisco 49ers,SF 49ers
2021,TB,TB,4900,TB,TAM,30,TB,TB,Tampa Bay Buccaneers,Tampa Bay,Tampa Bay,Buccaneers,tampa-bay-buccaneers,1544,,Tampa Bay Buccaneers,TB Buccaneers
2021,TEN,TEN,2100,TEN,OTI,31,TEN,TEN,Tennessee Titans,Tennessee,Tennessee,Titans,tennessee-titans,1528,,Tennessee Titans,TEN Titans
2021,WAS,WAS,5110,WSH,WAS,32,WAS,WAS,Washington Football Team,Washington,Washington,Football Team,washington-football-team,1537,,Washington Football Team,WAS Football Team
2022,ARI,ARI,3800,ARI,CRD,1,ARZ,ARI,Arizona Cardinals,Arizona,Arizona,Cardinals,arizona-cardinals,1549,,Arizona Cardinals,ARI Cardinals
2022,ATL,ATL,0200,ATL,ATL,2,ATL,ATL,Atlanta Falcons,Atlanta,Atlanta,Falcons,atlanta-falcons,1546,,Atlanta Falcons,ATL Falcons
2022,BAL,BAL,0325,BAL,RAV,3,BLT,BAL,Baltimore Ravens,Baltimore,Baltimore,Ravens,baltimore-ravens,1521,,Baltimore Ravens,BAL Ravens
2022,BUF,BUF,0610,BUF,BUF,4,BUF,BUF,Buffalo Bills,Buffalo,Buffalo,Bills,buffalo-bills,1526,,Buffalo Bills,BUF Bills
2022,CAR,CAR,0750,CAR,CAR,5,CAR,CAR,Carolina Panthers,Carolina,Carolina,Panthers,carolina-panthers,1545,,Carolina Panthers,CAR Panthers
2022,CHI,CHI,0810,CHI,CHI,6,CHI,CHI,Chicago Bears,Chicago,Chicago,Bears,chicago-bears,1540,,Chicago Bears,CHI Bears
2022,CIN,CIN,0920,CIN,CIN,7,CIN,CIN,Cincinnati Bengals,Cincinnati,Cincinnati,Bengals,cincinnati-bengals,1522,,Cincinnati Bengals,CIN Bengals
2022,CLE,CLE,1050,CLE,CLE,8,CLV,CLE,Cleveland Browns,Cleveland,Cleveland,Browns,cleveland-browns,1520,,Cleveland Browns,CLE Browns
2022,DAL,DAL,1200,DAL,DAL,9,DAL,DAL,Dallas Cowboys,Dallas,Dallas,Cowboys,dallas-cowboys,1538,,Dallas Cowboys,DAL Cowboys
2022,DEN,DEN,1400,DEN,DEN,10,DEN,DEN,Denver Broncos,Denver,Denver,Broncos,denver-broncos,1534,,Denver Broncos,DEN Broncos
2022,DET,DET,1540,DET,DET,11,DET,DET,Detroit Lions,Detroit,Detroit,Lions,detroit-lions,1539,,Detroit Lions,DET Lions
2022,GB,GB,1800,GB,GNB,12,GB,GB,Green Bay Packers,Green Bay,Green Bay,Packers,green-bay-packers,1542,,Green Bay Packers,GB Packers
2022,HOU,HOU,2120,HOU,HTX,13,HST,HOU,Houston Texans,Houston,Houston,Texans,houston-texans,1530,,Houston Texans,HOU Texans
2022,IND,IND,2200,IND,CLT,14,IND,IND,Indianapolis Colts,Indianapolis,Indianapolis,Colts,indianapolis-colts,1527,,Indianapolis Colts,IND Colts
2022,JAX,JAC,2250,JAX,JAX,15,JAX,JAX,Jacksonville Jaguars,Jacksonville,Jacksonville,Jaguars,jacksonville-jaguars,1529,,Jacksonville Jaguars,JAX Jaguars
2022,KC,KC,2310,KC,KAN,16,KC,KC,Kansas City Chiefs,Kansas City,Kansas City,Chiefs,kansas-city-chiefs,1531,,Kansas City Chiefs,KC Chiefs
2022,LAC,LAC,4400,LAC,SDG,27,LAC,LAC,Los Angeles Chargers,Los Angeles Chargers,LA Chargers,Chargers,los-angeles-chargers,75380,,Los Angeles Chargers,LA Chargers
2022,LA,LA,2510,LAR,RAM,26,LA,LAR,Los Angeles Rams,Los Angeles Rams,LA Rams,Rams,los-angeles-rams,1550,,Los Angeles Rams,LA Rams
2022,LV,LV,2520,LV,RAI,23,LV,LV,Las Vegas Raiders,Las Vegas,Las Vegas,Raiders,las-vegas-raiders,1533,,Las Vegas Raiders,LV Raiders
2022,MIA,MIA,2700,MIA,MIA,17,MIA,MIA,Miami Dolphins,Miami,Miami,Dolphins,miami-dolphins,1524,,Miami Dolphins,MIA Dolphins
2022,MIN,MIN,3000,MIN,MIN,18,MIN,MIN,Minnesota Vikings,Minnesota,Minnesota,Vikings,minnesota-vikings,1541,,Minnesota Vikings,MIN Vikings
2022,NE,NE,3200,NE,NWE,19,NE,NE,New England Patriots,New England,New England,Patriots,new-england-patriots,1525,,New England Patriots,NE Patriots
2022,NO,NO,3300,NO,NOR,20,NO,NO,New Orleans Saints,New Orleans,New Orleans,Saints,new-orleans-saints,1543,,New Orleans Saints,NO Saints
2022,NYG,NYG,3410,NYG,NYG,21,NYG,NYG,New York Giants,New York Giants,NY Giants,Giants,new-york-giants,1535,,N.Y. Giants,NY Giants
2022,NYJ,NYJ,3430,NYJ,NYJ,22,NYJ,NYJ,New York Jets,New York Jets,NY Jets,Jets,new-york-jets,1523,,N.Y. Jets,NY Jets
2022,PHI,PHI,3700,PHI,PHI,24,PHI,PHI,Philadelphia Eagles,Philadelphia,Philadelphia,Eagles,philadelphia-eagles,1536,,Philadelphia Eagles,PHI Eagles
2022,PIT,PIT,3900,PIT,PIT,25,PIT,PIT,Pittsburgh Steelers,Pittsburgh,Pittsburgh,Steelers,pittsburgh-steelers,1519,,Pittsburgh Steelers,PIT Steelers
2022,SEA,SEA,4600,SEA,SEA,29,SEA,SEA,Seattle Seahawks,Seattle,Seattle,Seahawks,seattle-seahawks,1548,,Seattle Seahawks,SEA Seahawks
2022,SF,SF,4500,SF,SFO,28,SF,SF,San Francisco 49ers,San Francisco,San Francisco,49ers,san-francisco-49ers,1547,,San Francisco 49ers,SF 49ers
2022,TB,TB,4900,TB,TAM,30,TB,TB,Tampa Bay Buccaneers,Tampa Bay,Tampa Bay,Buccaneers,tampa-bay-buccaneers,1544,,Tampa Bay Buccaneers,TB Buccaneers
2022,TEN,TEN,2100,TEN,OTI,31,TEN,TEN,Tennessee Titans,Tennessee,Tennessee,Titans,tennessee-titans,1528,,Tennessee Titans,TEN Titans
2022,WAS,WAS,5110,WSH,WAS,32,WAS,WAS,Washington Commanders,Washington,Washington,Commanders,washington-commanders,1537,,Washington Commanders,WAS Commanders
2023,ARI,ARI,3800,ARI,CRD,1,ARZ,ARI,Arizona Cardinals,Arizona,Arizona,Cardinals,arizona-cardinals,1549,,Arizona Cardinals,ARI Cardinals
2023,ATL,ATL,0200,ATL,ATL,2,ATL,ATL,Atlanta Falcons,Atlanta,Atlanta,Falcons,atlanta-falcons,1546,,Atlanta Falcons,ATL Falcons
2023,BAL,BAL,0325,BAL,RAV,3,BLT,BAL,Baltimore Ravens,Baltimore,Baltimore,Ravens,baltimore-ravens,1521,,Baltimore Ravens,BAL Ravens
2023,BUF,BUF,0610,BUF,BUF,4,BUF,BUF,Buffalo Bills,Buffalo,Buffalo,Bills,buffalo-bills,1526,,Buffalo Bills,BUF Bills
2023,CAR,CAR,0750,CAR,CAR,5,CAR,CAR,Carolina Panthers,Carolina,Carolina,Panthers,carolina-panthers,1545,,Carolina Panthers,CAR Panthers
2023,CHI,CHI,0810,CHI,CHI,6,CHI,CHI,Chicago Bears,Chicago,Chicago,Bears,chicago-bears,1540,,Chicago Bears,CHI Bears
2023,CIN,CIN,0920,CIN,CIN,7,CIN,CIN,Cincinnati Bengals,Cincinnati,Cincinnati,Bengals,cincinnati-bengals,1522,,Cincinnati Bengals,CIN Bengals
2023,CLE,CLE,1050,CLE,CLE,8,CLV,CLE,Cleveland Browns,Cleveland,Cleveland,Browns,cleveland-browns,1520,,Cleveland Browns,CLE Browns
2023,DAL,DAL,1200,DAL,DAL,9,DAL,DAL,Dallas Cowboys,Dallas,Dallas,Cowboys,dallas-cowboys,1538,,Dallas Cowboys,DAL Cowboys
2023,DEN,DEN,1400,DEN,DEN,10,DEN,DEN,Denver Broncos,Denver,Denver,Broncos,denver-broncos,1534,,Denver Broncos,DEN Broncos
2023,DET,DET,1540,DET,DET,11,DET,DET,Detroit Lions,Detroit,Detroit,Lions,detroit-lions,1539,,Detroit Lions,DET Lions
2023,GB,GB,1800,GB,GNB,12,GB,GB,Green Bay Packers,Green Bay,Green Bay,Packers,green-bay-packers,1542,,Green Bay Packers,GB Packers
2023,HOU,HOU,2120,HOU,HTX,13,HST,HOU,Houston Texans,Houston,Houston,Texans,houston-texans,1530,,Houston Texans,HOU Texans
2023,IND,IND,2200,IND,CLT,14,IND,IND,Indianapolis Colts,Indianapolis,Indianapolis,Colts,indianapolis-colts,1527,,Indianapolis Colts,IND Colts
2023,JAX,JAC,2250,JAX,JAX,15,JAX,JAX,Jacksonville Jaguars,Jacksonville,Jacksonville,Jaguars,jacksonville-jaguars,1529,,Jacksonville Jaguars,JAX Jaguars
2023,KC,KC,2310,KC,KAN,16,KC,KC,Kansas City Chiefs,Kansas City,Kansas City,Chiefs,kansas-city-chiefs,1531,,Kansas City Chiefs,KC Chiefs
2023,LAC,LAC,4400,LAC,SDG,27,LAC,LAC,Los Angeles Chargers,Los Angeles Chargers,LA Chargers,Chargers,los-angeles-chargers,75380,,Los Angeles Chargers,LA Chargers
2023,LA,LA,2510,LAR,RAM,26,LA,LAR,Los Angeles Rams,Los Angeles Rams,LA Rams,Rams,los-angeles-rams,1550,,Los Angeles Rams,LA Rams
2023,LV,LV,2520,LV,RAI,23,LV,LV,Las Vegas Raiders,Las Vegas,Las Vegas,Raiders,las-vegas-raiders,1533,,Las Vegas Raiders,LV Raiders
2023,MIA,MIA,2700,MIA,MIA,17,MIA,MIA,Miami Dolphins,Miami,Miami,Dolphins,miami-dolphins,1524,,Miami Dolphins,MIA Dolphins
2023,MIN,MIN,3000,MIN,MIN,18,MIN,MIN,Minnesota Vikings,Minnesota,Minnesota,Vikings,minnesota-vikings,1541,,Minnesota Vikings,MIN Vikings
2023,NE,NE,3200,NE,NWE,19,NE,NE,New England Patriots,New England,New England,Patriots,new-england-patriots,1525,,New England Patriots,NE Patriots
2023,NO,NO,3300,NO,NOR,20,NO,NO,New Orleans Saints,New Orleans,New Orleans,Saints,new-orleans-saints,1543,,New Orleans Saints,NO Saints
2023,NYG,NYG,3410,NYG,NYG,21,NYG,NYG,New York Giants,New York Giants,NY Giants,Giants,new-york-giants,1535,,N.Y. Giants,NY Giants
2023,NYJ,NYJ,3430,NYJ,NYJ,22,NYJ,NYJ,New York Jets,New York Jets,NY Jets,Jets,new-york-jets,1523,,N.Y. Jets,NY Jets
2023,PHI,PHI,3700,PHI,PHI,24,PHI,PHI,Philadelphia Eagles,Philadelphia,Philadelphia,Eagles,philadelphia-eagles,1536,,Philadelphia Eagles,PHI Eagles
2023,PIT,PIT,3900,PIT,PIT,25,PIT,PIT,Pittsburgh Steelers,Pittsburgh,Pittsburgh,Steelers,pittsburgh-steelers,1519,,Pittsburgh Steelers,PIT Steelers
2023,SEA,SEA,4600,SEA,SEA,29,SEA,SEA,Seattle Seahawks,Seattle,Seattle,Seahawks,seattle-seahawks,1548,,Seattle Seahawks,SEA Seahawks
2023,SF,SF,4500,SF,SFO,28,SF,SF,San Francisco 49ers,San Francisco,San Francisco,49ers,san-francisco-49ers,1547,,San Francisco 49ers,SF 49ers
2023,TB,TB,4900,TB,TAM,30,TB,TB,Tampa Bay Buccaneers,Tampa Bay,Tampa Bay,Buccaneers,tampa-bay-buccaneers,1544,,Tampa Bay Buccaneers,TB Buccaneers
2023,TEN,TEN,2100,TEN,OTI,31,TEN,TEN,Tennessee Titans,Tennessee,Tennessee,Titans,tennessee-titans,1528,,Tennessee Titans,TEN Titans
2023,WAS,WAS,5110,WSH,WAS,32,WAS,WAS,Washington Commanders,Washington,Washington,Commanders,washington-commanders,1537,,Washington Commanders,WAS Commanders
2024,ARI,ARI,3800,ARI,CRD,1,ARZ,ARI,Arizona Cardinals,Arizona,Arizona,Cardinals,arizona-cardinals,1549,,Arizona Cardinals,ARI Cardinals
2024,ATL,ATL,0200,ATL,ATL,2,ATL,ATL,Atlanta Falcons,Atlanta,Atlanta,Falcons,atlanta-falcons,1546,,Atlanta Falcons,ATL Falcons
2024,BAL,BAL,0325,BAL,RAV,3,BLT,BAL,Baltimore Ravens,Baltimore,Baltimore,Ravens,baltimore-ravens,1521,,Baltimore Ravens,BAL Ravens
2024,BUF,BUF,0610,BUF,BUF,4,BUF,BUF,Buffalo Bills,Buffalo,Buffalo,Bills,buffalo-bills,1526,,Buffalo Bills,BUF Bills
2024,CAR,CAR,0750,CAR,CAR,5,CAR,CAR,Carolina Panthers,Carolina,Carolina,Panthers,carolina-panthers,1545,,Carolina Panthers,CAR Panthers
2024,CHI,CHI,0810,CHI,CHI,6,CHI,CHI,Chicago Bears,Chicago,Chicago,Bears,chicago-bears,1540,,Chicago Bears,CHI Bears
2024,CIN,CIN,0920,CIN,CIN,7,CIN,CIN,Cincinnati Bengals,Cincinnati,Cincinnati,Bengals,cincinnati-bengals,1522,,Cincinnati Bengals,CIN Bengals
2024,CLE,CLE,1050,CLE,CLE,8,CLV,CLE,Cleveland Browns,Cleveland,Cleveland,Browns,cleveland-browns,1520,,Cleveland Browns,CLE Browns
2024,DAL,DAL,1200,DAL,DAL,9,DAL,DAL,Dallas Cowboys,Dallas,Dallas,Cowboys,dallas-cowboys,1538,,Dallas Cowboys,DAL Cowboys
2024,DEN,DEN,1400,DEN,DEN,10,DEN,DEN,Denver Broncos,Denver,Denver,Broncos,denver-broncos,1534,,Denver Broncos,DEN Broncos
2024,DET,DET,1540,DET,DET,11,DET,DET,Detroit Lions,Detroit,Detroit,Lions,detroit-lions,1539,,Detroit Lions,DET Lions
2024,GB,GB,1800,GB,GNB,12,GB,GB,Green Bay Packers,Green Bay,Green Bay,Packers,green-bay-packers,1542,,Green Bay Packers,GB Packers
2024,HOU,HOU,2120,HOU,HTX,13,HST,HOU,Houston Texans,Houston,Houston,Texans,houston-texans,1530,,Houston Texans,HOU Texans
2024,IND,IND,2200,IND,CLT,14,IND,IND,Indianapolis Colts,Indianapolis,Indianapolis,Colts,indianapolis-colts,1527,,Indianapolis Colts,IND Colts
2024,JAX,JAC,2250,JAX,JAX,15,JAX,JAX,Jacksonville Jaguars,Jacksonville,Jacksonville,Jaguars,jacksonville-jaguars,1529,,Jacksonville Jaguars,JAX Jaguars
2024,KC,KC,2310,KC,KAN,16,KC,KC,Kansas City Chiefs,Kansas City,Kansas City,Chiefs,kansas-city-chiefs,1531,,Kansas City Chiefs,KC Chiefs
2024,LAC,LAC,4400,LAC,SDG,27,LAC,LAC,Los Angeles Chargers,Los Angeles Chargers,LA Chargers,Chargers,los-angeles-chargers,75380,,Los Angeles Chargers,LA Chargers
2024,LA,LA,2510,LAR,RAM,26,LA,LAR,Los Angeles Rams,Los Angeles Rams,LA Rams,Rams,los-angeles-rams,1550,,Los Angeles Rams,LA Rams
2024,LV,LV,2520,LV,RAI,23,LV,LV,Las Vegas Raiders,Las Vegas,Las Vegas,Raiders,las-vegas-raiders,1533,,Las Vegas Raiders,LV Raiders
2024,MIA,MIA,2700,MIA,MIA,17,MIA,MIA,Miami Dolphins,Miami,Miami,Dolphins,miami-dolphins,1524,,Miami Dolphins,MIA Dolphins
2024,MIN,MIN,3000,MIN,MIN,18,MIN,MIN,Minnesota Vikings,Minnesota,Minnesota,Vikings,minnesota-vikings,1541,,Minnesota Vikings,MIN Vikings
2024,NE,NE,3200,NE,NWE,19,NE,NE,New England Patriots,New England,New England,Patriots,new-england-patriots,1525,,New England Patriots,NE Patriots
2024,NO,NO,3300,NO,NOR,20,NO,NO,New Orleans Saints,New Orleans,New Orleans,Saints,new-orleans-saints,1543,,New Orleans Saints,NO Saints
2024,NYG,NYG,3410,NYG,NYG,21,NYG,NYG,New York Giants,New York Giants,NY Giants,Giants,new-york-giants,1535,,N.Y. Giants,NY Giants
2024,NYJ,NYJ,3430,NYJ,NYJ,22,NYJ,NYJ,New York Jets,New York Jets,NY Jets,Jets,new-york-jets,1523,,N.Y. Jets,NY Jets
2024,PHI,PHI,3700,PHI,PHI,24,PHI,PHI,Philadelphia Eagles,Philadelphia,Philadelphia,Eagles,philadelphia-eagles,1536,,Philadelphia Eagles,PHI Eagles
2024,PIT,PIT,3900,PIT,PIT,25,PIT,PIT,Pittsburgh Steelers,Pittsburgh,Pittsburgh,Steelers,pittsburgh-steelers,1519,,Pittsburgh Steelers,PIT Steelers
2024,SEA,SEA,4600,SEA,SEA,29,SEA,SEA,Seattle Seahawks,Seattle,Seattle,Seahawks,seattle-seahawks,1548,,Seattle Seahawks,SEA Seahawks
2024,SF,SF,4500,SF,SFO,28,SF,SF,San Francisco 49ers,San Francisco,San Francisco,49ers,san-francisco-49ers,1547,,San Francisco 49ers,SF 49ers
2024,TB,TB,4900,TB,TAM,30,TB,TB,Tampa Bay Buccaneers,Tampa Bay,Tampa Bay,Buccaneers,tampa-bay-buccaneers,1544,,Tampa Bay Buccaneers,TB Buccaneers
2024,TEN,TEN,2100,TEN,OTI,31,TEN,TEN,Tennessee Titans,Tennessee,Tennessee,Titans,tennessee-titans,1528,,Tennessee Titans,TEN Titans
2024,WAS,WAS,5110,WSH,WAS,32,WAS,WAS,Washington Commanders,Washington,Washington,Commanders,washington-commanders,1537,,Washington Commanders,WAS Commanders
2025,ARI,ARI,3800,ARI,CRD,1,ARZ,ARI,Arizona Cardinals,Arizona,Arizona,Cardinals,arizona-cardinals,1549,,Arizona Cardinals,ARI Cardinals
2025,ATL,ATL,0200,ATL,ATL,2,ATL,ATL,Atlanta Falcons,Atlanta,Atlanta,Falcons,atlanta-falcons,1546,,Atlanta Falcons,ATL Falcons
2025,BAL,BAL,0325,BAL,RAV,3,BLT,BAL,Baltimore Ravens,Baltimore,Baltimore,Ravens,baltimore-ravens,1521,,Baltimore Ravens,BAL Ravens
2025,BUF,BUF,0610,BUF,BUF,4,BUF,BUF,Buffalo Bills,Buffalo,Buffalo,Bills,buffalo-bills,1526,,Buffalo Bills,BUF Bills
2025,CAR,CAR,0750,CAR,CAR,5,CAR,CAR,Carolina Panthers,Carolina,Carolina,Panthers,carolina-panthers,1545,,Carolina Panthers,CAR Panthers
2025,CHI,CHI,0810,CHI,CHI,6,CHI,CHI,Chicago Bears,Chicago,Chicago,Bears,chicago-bears,1540,,Chicago Bears,CHI Bears
2025,CIN,CIN,0920,CIN,CIN,7,CIN,CIN,Cincinnati Bengals,Cincinnati,Cincinnati,Bengals,cincinnati-bengals,1522,,Cincinnati Bengals,CIN Bengals
2025,CLE,CLE,1050,CLE,CLE,8,CLV,CLE,Cleveland Browns,Cleveland,Cleveland,Browns,cleveland-browns,1520,,Cleveland Browns,CLE Browns
2025,DAL,DAL,1200,DAL,DAL,9,DAL,DAL,Dallas Cowboys,Dallas,Dallas,Cowboys,dallas-cowboys,1538,,Dallas Cowboys,DAL Cowboys
2025,DEN,DEN,1400,DEN,DEN,10,DEN,DEN,Denver Broncos,Denver,Denver,Broncos,denver-broncos,1534,,Denver Broncos,DEN Broncos
2025,DET,DET,1540,DET,DET,11,DET,DET,Detroit Lions,Detroit,Detroit,Lions,detroit-lions,1539,,Detroit Lions,DET Lions
2025,GB,GB,1800,GB,GNB,12,GB,GB,Green Bay Packers,Green Bay,Green Bay,Packers,green-bay-packers,1542,,Green Bay Packers,GB Packers
2025,HOU,HOU,2120,HOU,HTX,13,HST,HOU,Houston Texans,Houston,Houston,Texans,houston-texans,1530,,Houston Texans,HOU Texans
2025,IND,IND,2200,IND,CLT,14,IND,IND,Indianapolis Colts,Indianapolis,Indianapolis,Colts,indianapolis-colts,1527,,Indianapolis Colts,IND Colts
2025,JAX,JAC,2250,JAX,JAX,15,JAX,JAX,Jacksonville Jaguars,Jacksonville,Jacksonville,Jaguars,jacksonville-jaguars,1529,,Jacksonville Jaguars,JAX Jaguars
2025,KC,KC,2310,KC,KAN,16,KC,KC,Kansas City Chiefs,Kansas City,Kansas City,Chiefs,kansas-city-chiefs,1531,,Kansas City Chiefs,KC Chiefs
2025,LAC,LAC,4400,LAC,SDG,27,LAC,LAC,Los Angeles Chargers,Los Angeles Chargers,LA Chargers,Chargers,los-angeles-chargers,75380,,Los Angeles Chargers,LA Chargers
2025,LA,LA,2510,LAR,RAM,26,LA,LAR,Los Angeles Rams,Los Angeles Rams,LA Rams,Rams,los-angeles-rams,1550,,Los Angeles Rams,LA Rams
2025,LV,LV,2520,LV,RAI,23,LV,LV,Las Vegas Raiders,Las Vegas,Las Vegas,Raiders,las-vegas-raiders,1533,,Las Vegas Raiders,LV Raiders
2025,MIA,MIA,2700,MIA,MIA,17,MIA,MIA,Miami Dolphins,Miami,Miami,Dolphins,miami-dolphins,1524,,Miami Dolphins,MIA Dolphins
2025,MIN,MIN,3000,MIN,MIN,18,MIN,MIN,Minnesota Vikings,Minnesota,Minnesota,Vikings,minnesota-vikings,1541,,Minnesota Vikings,MIN Vikings
2025,NE,NE,3200,NE,NWE,19,NE,NE,New England Patriots,New England,New England,Patriots,new-england-patriots,1525,,New England Patriots,NE Patriots
2025,NO,NO,3300,NO,NOR,20,NO,NO,New Orleans Saints,New Orleans,New Orleans,Saints,new-orleans-saints,1543,,New Orleans Saints,NO Saints
2025,NYG,NYG,3410,NYG,NYG,21,NYG,NYG,New York Giants,New York Giants,NY Giants,Giants,new-york-giants,1535,,N.Y. Giants,NY Giants
2025,NYJ,NYJ,3430,NYJ,NYJ,22,NYJ,NYJ,New York Jets,New York Jets,NY Jets,Jets,new-york-jets,1523,,N.Y. Jets,NY Jets
2025,PHI,PHI,3700,PHI,PHI,24,PHI,PHI,Philadelphia Eagles,Philadelphia,Philadelphia,Eagles,philadelphia-eagles,1536,,Philadelphia Eagles,PHI Eagles
2025,PIT,PIT,3900,PIT,PIT,25,PIT,PIT,Pittsburgh Steelers,Pittsburgh,Pittsburgh,Steelers,pittsburgh-steelers,1519,,Pittsburgh Steelers,PIT Steelers
2025,SEA,SEA,4600,SEA,SEA,29,SEA,SEA,Seattle Seahawks,Seattle,Seattle,Seahawks,seattle-seahawks,1548,,Seattle Seahawks,SEA Seahawks
2025,SF,SF,4500,SF,SFO,28,SF,SF,San Francisco 49ers,San Francisco,San Francisco,49ers,san-francisco-49ers,1547,,San Francisco 49ers,SF 49ers
2025,TB,TB,4900,TB,TAM,30,TB,TB,Tampa Bay Buccaneers,Tampa Bay,Tampa Bay,Buccaneers,tampa-bay-buccaneers,1544,,Tampa Bay Buccaneers,TB Buccaneers
2025,TEN,TEN,2100,TEN,OTI,31,TEN,TEN,Tennessee Titans,Tennessee,Tennessee,Titans,tennessee-titans,1528,,Tennessee Titans,TEN Titans
2025,WAS,WAS,5110,WSH,WAS,32,WAS,WAS,Washington Commanders,Washington,Washington,Commanders,washington-commanders,1537,,Washington Commanders,WAS Commanders
