trade_id,season,trade_date,gave,received,pick_season,pick_round,pick_number,conditional,pfr_id,pfr_name
1,2010,2010-05-25,JAX,MIA,2011,7,218,0,TaylRy00,Ryan Taylor
1,2010,2010-05-25,MIA,JAX,,,,,SmilJu20,Justin Smiley
2,2010,2010-06-21,NO,WAS,,,,,BrowJa55,Jammal Brown
2,2010,2010-06-21,NO,WAS,2011,5,155,0,PaulNi00,Niles Paul
2,2010,2010-06-21,WAS,NO,2011,3,72,0,WilsMa01,Martez Wilson
3,2010,2010-08-17,SEA,SF,2011,6,190,0,JoneCo01,Colin Jones
3,2010,2010-08-17,SF,SEA,,,,,BalmKe99,Kentwan Balmer
4,2010,2010-08-18,DET,SEA,2011,6,173,0,MaxwBy00,Byron Maxwell
4,2010,2010-08-18,SEA,DET,,,,,JackLa98,Lawrence Jackson
5,2010,2010-08-23,NE,ATL,2011,7,230,0,MattCl01,Cliff Matthews
5,2010,2010-08-23,ATL,NE,,,,,OjinQu20,Quinn Ojinnaka
6,2010,2010-09-01,BAL,SEA,2011,5,157,0,HoguDo01,Doug Hogue
6,2010,2010-09-01,SEA,BAL,,,,,WilsJo99,Josh Wilson
7,2010,2010-09-03,PHI,ARI,2011,6,184,0,CartDa01,David Carter
7,2010,2010-09-03,ARI,PHI,,,,,WellRe20,Reggie Wells
8,2010,2010-09-04,DEN,DET,,,,,SmitAl98,Alphonso Smith
8,2010,2010-09-04,DEN,DET,2011,7,,0,,
8,2010,2010-09-04,DET,DEN,,,,,GronDa00,Dan Gronkowski
8,2010,2010-09-04,DET,DEN,2011,6,186,0,SmitD.00,D.J. Smith
9,2010,2010-09-04,IND,WAS,2011,7,224,0,WhitMa01,Markus White
9,2010,2010-09-04,WAS,IND,,,,,TryoJu99,Justin Tryon
10,2010,2010-09-04,PHI,BAL,2011,7,225,0,AlleAn01,Anthony Allen
10,2010,2010-09-04,BAL,PHI,,,,,BarnAn99,Antwan Barnes
11,2010,2010-09-07,BAL,LA,,,,,ClayMa01,Mark Clayton
11,2010,2010-09-07,BAL,LA,2011,7,228,0,WillJa12,Jabara Williams
11,2010,2010-09-07,LA,BAL,2011,6,180,0,TaylTy00,Tyrod Taylor
12,2010,2010-09-15,NE,DEN,,,,,MaroLa00,Laurence Maroney
12,2010,2010-09-15,NE,DEN,2011,6,189,0,MohaMi00,Mike Mohamed
12,2010,2010-09-15,DEN,NE,2011,4,99,0,WrigK.00,K.J. Wright
13,2010,2010-10-05,SEA,BUF,2012,5,147,0,CardTa00,Tank Carder
13,2010,2010-10-05,SEA,BUF,2011,4,122,0,HairCh00,Chris Hairston
13,2010,2010-10-05,BUF,SEA,,,,,LyncMa00,Marshawn Lynch
14,2010,2010-10-06,MIN,NE,2011,3,74,0,MallRy00,Ryan Mallett
14,2010,2010-10-06,NE,MIN,,,,,MossRa00,Randy Moss
14,2010,2010-10-06,NE,MIN,2012,7,223,0,LewiTr00,Travis Lewis
15,2010,2010-10-12,NE,SEA,2011,4,99,0,WrigK.00,K.J. Wright
15,2010,2010-10-12,SEA,NE,,,,,BranDe00,Deion Branch
16,2010,2010-10-18,GB,JAX,2011,,,1,,
16,2010,2010-10-18,JAX,GB,,,,,SmitAn21,Anthony Smith
17,2010,2010-10-19,KC,TB,,,,,MageAl99,Alex Magee
17,2010,2010-10-19,KC,TB,2011,6,187,0,BradAl00,Allen Bradford
17,2010,2010-10-19,TB,KC,2011,5,135,0,StanRi00,Ricky Stanzi
18,2011,2011-04-28,JAX,WAS,2011,1,16,0,KerrRy00,Ryan Kerrigan
18,2011,2011-04-28,JAX,WAS,2011,2,49,0,IjalBe00,Ben Ijalana
18,2011,2011-04-28,WAS,JAX,2011,1,10,0,GabbBl00,Blaine Gabbert
19,2011,2011-04-28,CLE,KC,2011,1,26,0,BaldJo00,Jonathan Baldwin
19,2011,2011-04-28,CLE,KC,2011,3,70,0,HousJu00,Justin Houston
19,2011,2011-04-28,KC,CLE,2011,1,21,0,TaylPh00,Phil Taylor
20,2011,2011-04-28,ATL,CLE,2011,1,26,0,BaldJo00,Jonathan Baldwin
20,2011,2011-04-28,ATL,CLE,2011,2,59,0,LittGr00,Greg Little
20,2011,2011-04-28,ATL,CLE,2011,4,124,0,MareOw00,Owen Marecic
20,2011,2011-04-28,ATL,CLE,2012,1,22,0,WeedBr00,Brandon Weeden
20,2011,2011-04-28,ATL,CLE,2011,4,118,0,BrowJa00,Jalil Brown
20,2011,2011-04-28,CLE,ATL,2011,1,6,0,JoneJu02,Julio Jones
21,2011,2011-04-28,NE,NO,2011,1,28,0,IngrMa01,Mark Ingram
21,2011,2011-04-28,NO,NE,2011,2,56,0,VereSh00,Shane Vereen
21,2011,2011-04-28,NO,NE,2012,1,27,0,ZeitKe00,Kevin Zeitler
22,2011,2011-04-29,DEN,SF,2011,2,36,0,KaepCo00,Colin Kaepernick
22,2011,2011-04-29,SF,DEN,2011,2,45,0,MoorRa00,Rahim Moore
22,2011,2011-04-29,SF,DEN,2011,4,108,0,CartQu01,Quinton Carter
22,2011,2011-04-29,SF,DEN,2011,5,141,0,WillD.00,D.J. Williams
23,2011,2011-04-29,WAS,IND,2011,2,49,0,IjalBe00,Ben Ijalana
23,2011,2011-04-29,IND,WAS,2011,2,53,0,PaeaSt00,Stephen Paea
23,2011,2011-04-29,IND,WAS,2011,5,152,0,YateT.00,T.J. Yates
24,2011,2011-04-29,WAS,CHI,2011,2,53,0,PaeaSt00,Stephen Paea
24,2011,2011-04-29,CHI,WAS,2011,2,62,0,ThomDa03,Daniel Thomas
24,2011,2011-04-29,CHI,WAS,2011,4,127,0,CarmRo00,Roc Carmichael
25,2011,2011-04-29,NE,HOU,2011,2,60,0,HarrBr00,Brandon Harris
25,2011,2011-04-29,HOU,NE,2011,3,73,0,RidlSt00,Stevan Ridley
25,2011,2011-04-29,HOU,NE,2011,5,138,0,CannMa00,Marcus Cannon
26,2011,2011-04-29,WAS,MIA,2011,2,62,0,ThomDa03,Daniel Thomas
26,2011,2011-04-29,MIA,WAS,2011,7,217,0,HurtMa00,Maurice Hurt
26,2011,2011-04-29,MIA,WAS,2011,3,79,0,HankLe00,Leonard Hankerson
26,2011,2011-04-29,MIA,WAS,2011,5,146,0,GomeDe00,DeJon Gomes
27,2011,2011-04-29,DET,SEA,2011,3,75,0,MoffJo00,John Moffitt
27,2011,2011-04-29,DET,SEA,2011,4,107,0,DurhKr00,Kris Durham
27,2011,2011-04-29,DET,SEA,2011,5,154,0,SherRi00,Richard Sherman
27,2011,2011-04-29,DET,SEA,2011,7,205,0,LeviLa00,Lazarius Levingston
27,2011,2011-04-29,SEA,DET,2011,2,57,0,LeshMi00,Mikel Leshoure
27,2011,2011-04-29,SEA,DET,2011,5,157,0,HoguDo01,Doug Hogue
27,2011,2011-04-29,SEA,DET,2011,7,209,0,CulbJo00,Johnny Culbreath
28,2011,2011-04-29,SF,JAX,2011,3,76,0,RackWi01,Will Rackley
28,2011,2011-04-29,JAX,SF,2011,3,80,0,CullCh00,Chris Culliver
28,2011,2011-04-29,JAX,SF,2011,6,182,0,JohnRo05,Ronald Johnson
29,2011,2011-04-29,PHI,BAL,2011,3,85,0,ReidJa00,Jah Reid
29,2011,2011-04-29,BAL,PHI,2011,3,90,0,MarsCu01,Curtis Marsh
29,2011,2011-04-29,BAL,PHI,2011,6,191,0,KelcJa00,Jason Kelce
30,2011,2011-04-29,NE,OAK,2011,3,92,0,BarkJo00,Joe Barksdale
30,2011,2011-04-29,NE,OAK,2011,4,125,0,JoneTa00,Taiwan Jones
30,2011,2011-04-29,OAK,NE,2011,7,219,0,WillMa01,Malcolm Williams
30,2011,2011-04-29,OAK,NE,2012,2,48,0,WilsTa00,Tavon Wilson
31,2011,2011-04-30,PHI,TB,2011,4,104,0,StocLu00,Luke Stocker
31,2011,2011-04-30,TB,PHI,2011,4,116,0,MattCa00,Casey Matthews
31,2011,2011-04-30,TB,PHI,2012,4,99,0,JoneBe01,Ben Jones
32,2011,2011-04-30,HOU,WAS,2011,4,105,0,HeluRo00,Roy Helu
32,2011,2011-04-30,HOU,WAS,2011,6,178,0,RobiAl00,Aldrick Robinson
32,2011,2011-04-30,WAS,HOU,2011,4,127,0,CarmRo00,Roc Carmichael
32,2011,2011-04-30,WAS,HOU,2011,5,144,0,KeoxSh00,Shiloh Keo
32,2011,2011-04-30,WAS,HOU,2011,5,152,0,YateT.00,T.J. Yates
33,2011,2011-04-30,DEN,GB,2011,5,141,0,WillD.00,D.J. Williams
33,2011,2011-04-30,DEN,GB,2011,6,186,0,SmitD.00,D.J. Smith
33,2011,2011-04-30,GB,DEN,2011,4,129,0,ThomJu00,Julius Thomas
33,2011,2011-04-30,GB,DEN,2011,7,204,0,GreeVi00,Virgil Green
34,2011,2011-04-30,LA,ATL,2011,5,145,0,RodgJa00,Jacquizz Rodgers
34,2011,2011-04-30,ATL,LA,2011,5,158,0,HineJe00,Jermale Hines
34,2011,2011-04-30,ATL,LA,2011,7,229,0,NelsJo01,Jonathan Nelson
35,2011,2011-04-30,NYJ,PHI,2011,5,161,0,VandJu00,Julian Vandervelde
35,2011,2011-04-30,NYJ,PHI,2011,6,194,0,CartMa01,Markell Carter
35,2011,2011-04-30,PHI,NYJ,2011,5,153,0,KerlJe00,Jeremy Kerley
35,2011,2011-04-30,PHI,NYJ,2011,7,227,0,McKnSc00,Scotty McKnight
36,2011,2011-04-30,GB,SF,2011,5,163,0,KilgDa00,Daniel Kilgore
36,2011,2011-04-30,SF,GB,2011,6,174,0,ClayCh00,Charles Clay
36,2011,2011-04-30,SF,GB,2011,7,231,0,KearFr00,Frank Kearse
37,2011,2011-04-30,CLE,MIN,2011,6,168,0,LoveDe00,Demarcus Love
37,2011,2011-04-30,CLE,MIN,2011,6,170,0,RaymMi00,Mistral Raymond
37,2011,2011-04-30,MIN,CLE,2011,5,150,0,PinkJa00,Jason Pinkston
38,2011,2011-04-30,GB,MIA,2011,6,174,0,ClayCh00,Charles Clay
38,2011,2011-04-30,GB,MIA,2011,7,231,0,KearFr00,Frank Kearse
38,2011,2011-04-30,MIA,GB,2011,6,179,0,SchlCa00,Caleb Schlauderaff
38,2011,2011-04-30,MIA,GB,2011,7,218,0,TaylRy00,Ryan Taylor
39,2011,2011-04-30,NE,PHI,2011,6,193,0,RollBr00,Brian Rolle
39,2011,2011-04-30,PHI,NE,2011,6,194,0,CartMa01,Markell Carter
40,2011,2011-07-28,MIN,WAS,2012,6,173,0,MorrAl00,Alfred Morris
40,2011,2011-07-28,WAS,MIN,,,,,McNaDo00,Donovan McNabb
41,2011,2011-07-28,NO,MIA,,,,,BushRe00,Reggie Bush
41,2011,2011-07-28,NO,MIA,2012,6,196,0,GreeJo03,Jonte Green
41,2011,2011-07-28,MIA,NO,,,,,AmayJo00,Jonathon Amaya
41,2011,2011-07-28,MIA,NO,2012,6,179,0,TillAn01,Andrew Tiller
42,2011,2011-07-29,ARI,PHI,,,,,RodgDo99,Dominique Rodgers-Cromartie
42,2011,2011-07-29,ARI,PHI,2012,2,51,0,WortJe00,Jerel Worthy
42,2011,2011-07-29,PHI,ARI,,,,,KolbKe00,Kevin Kolb
43,2011,2011-07-29,CAR,CHI,2012,3,73,0,TaylBr02,Brandon Taylor
43,2011,2011-07-29,CHI,CAR,,,,,OlseGr00,Greg Olsen
44,2011,2011-07-29,NE,CIN,2013,6,197,0,HamiCo00,Cobi Hamilton
44,2011,2011-07-29,NE,CIN,2012,5,166,0,JoneMa02,Marvin Jones
44,2011,2011-07-29,CIN,NE,,,,,JohnCh01,Chad Johnson
45,2011,2011-07-31,CLE,LA,2012,,,1,,
45,2011,2011-07-31,LA,CLE,,,,,GrecJo20,John Greco
46,2011,2011-08-01,WAS,ARI,,,,,HollVo20,Vonnie Holliday
46,2011,2011-08-01,WAS,ARI,2012,6,177,0,BethJu00,Justin Bethel
46,2011,2011-08-01,ARI,WAS,,,,,HighTi00,Tim Hightower
47,2011,2011-08-12,BAL,BUF,2012,4,124,0,BrooRo01,Ron Brooks
47,2011,2011-08-12,BUF,BAL,,,,,EvanLe00,Lee Evans
48,2011,2011-09-03,TEN,GB,2012,,,1,,
48,2011,2011-09-03,GB,TEN,,,,,JohnQu00,Quinn Johnson
49,2011,2011-09-03,JAX,NYJ,2012,7,214,0,FuggTi00,Tim Fugger
49,2011,2011-09-03,NYJ,JAX,,,,,LoweDw99,Dwight Lowery
50,2011,2011-09-03,NYJ,GB,2012,7,224,0,DennAl00,Alfonzo Dennard
50,2011,2011-09-03,GB,NYJ,,,,,SchlCa00,Caleb Schlauderaff
51,2011,2011-10-12,HOU,NYJ,2012,,,1,,
51,2011,2011-10-12,NYJ,HOU,,,,,MasoDe00,Derrick Mason
52,2011,2011-10-14,OAK,SEA,2013,5,138,0,SimoTh00,Tharold Simon
52,2011,2011-10-14,OAK,SEA,2012,7,225,0,SweeJ.00,J.R. Sweezy
52,2011,2011-10-14,SEA,OAK,,,,,CurrAa99,Aaron Curry
53,2011,2011-10-18,OAK,CIN,2013,2,37,0,BernGi00,Giovani Bernard
53,2011,2011-10-18,OAK,CIN,2012,1,17,0,KirkDr00,Dre Kirkpatrick
53,2011,2011-10-18,CIN,OAK,,,,,PalmCa00,Carson Palmer
54,2012,2012-03-14,LA,WAS,2012,1,2,0,GrifRo01,Robert Griffin
54,2012,2012-03-14,WAS,LA,2014,1,2,0,RobiGr01,Greg Robinson
54,2012,2012-03-14,WAS,LA,2012,1,6,0,ClaiMo00,Morris Claiborne
54,2012,2012-03-14,WAS,LA,2012,2,39,0,JenkJa03,Janoris Jenkins
54,2012,2012-03-14,WAS,LA,2013,1,22,0,TrufDe00,Desmond Trufant
55,2012,2012-03-14,CHI,MIA,2012,3,73,0,TaylBr02,Brandon Taylor
55,2012,2012-03-14,CHI,MIA,2013,3,82,0,JenkJo00,John Jenkins
55,2012,2012-03-14,MIA,CHI,,,,,MarsBr00,Brandon Marshall
56,2012,2012-03-14,PHI,IND,,,,,JustWi20,Winston Justice
56,2012,2012-03-14,PHI,IND,2012,6,187,0,BushJo00,Josh Bush
56,2012,2012-03-14,IND,PHI,2012,6,172,0,LaneJe00,Jeremy Lane
57,2012,2012-03-21,HOU,PHI,,,,,RyanDe20,DeMeco Ryans
57,2012,2012-03-21,HOU,PHI,2012,3,88,0,FoleNi00,Nick Foles
57,2012,2012-03-21,PHI,HOU,2012,3,76,0,BrooBr00,Bron Brooks
57,2012,2012-03-21,PHI,HOU,2012,4,99,0,JoneBe01,Ben Jones
58,2012,2012-03-26,NYJ,IND,,,,,StanDr00,Drew Stanton
58,2012,2012-03-26,NYJ,IND,2012,7,214,0,FuggTi00,Tim Fugger
58,2012,2012-03-26,IND,NYJ,2012,6,187,0,BushJo00,Josh Bush
59,2012,2012-03-26,DEN,NYJ,,,,,TeboTi00,Tim Tebow
59,2012,2012-03-26,DEN,NYJ,2012,7,232,0,ScruGr00,Greg Scruggs
59,2012,2012-03-26,NYJ,DEN,2012,4,108,0,BlakPh00,Philip Blake
59,2012,2012-03-26,NYJ,DEN,2012,6,188,0,TrevDa00,Danny Trevathan
60,2012,2012-04-12,NYG,CIN,2012,5,167,0,IlokGe00,George Iloka
60,2012,2012-04-12,CIN,NYG,,,,,RiveKe99,Keith Rivers
61,2012,2012-04-12,LA,DEN,2012,5,167,0,IlokGe00,George Iloka
61,2012,2012-04-12,DEN,LA,,,,,LloyBr00,Brandon Lloyd
62,2012,2012-04-26,MIN,CLE,2012,1,3,0,RichTr00,Trent Richardson
62,2012,2012-04-26,CLE,MIN,2012,4,118,0,WrigJa02,Jarius Wright
62,2012,2012-04-26,CLE,MIN,2012,1,4,0,KaliMa00,Matt Kalil
62,2012,2012-04-26,CLE,MIN,2012,5,139,0,BlanRo00,Robert Blanton
62,2012,2012-04-26,CLE,MIN,2012,7,211,0,SoloSc00,Scott Solomon
63,2012,2012-04-26,JAX,TB,2012,1,7,0,BarrMa00,Mark Barron
63,2012,2012-04-26,JAX,TB,2012,4,101,0,BoldOm00,Omar Bolden
63,2012,2012-04-26,TB,JAX,2012,1,5,0,BlacJu00,Justin Blackmon
64,2012,2012-04-26,DAL,LA,2012,1,14,0,BrocMi00,Michael Brockers
64,2012,2012-04-26,DAL,LA,2012,2,45,0,JeffAl00,Alshon Jeffery
64,2012,2012-04-26,LA,DAL,2012,1,6,0,ClaiMo00,Morris Claiborne
65,2012,2012-04-26,PHI,SEA,2012,1,15,0,IrviBr00,Bruce Irvin
65,2012,2012-04-26,PHI,SEA,2012,4,114,0,HowaJa00,Jaye Howard
65,2012,2012-04-26,PHI,SEA,2012,6,172,0,LaneJe00,Jeremy Lane
65,2012,2012-04-26,SEA,PHI,2012,1,12,0,CoxxFl00,Fletcher Cox
66,2012,2012-04-26,CIN,NE,2012,1,21,0,JoneCh03,Chandler Jones
66,2012,2012-04-26,NE,CIN,2012,1,27,0,ZeitKe00,Kevin Zeitler
66,2012,2012-04-26,NE,CIN,2012,3,93,0,ThomBr01,Brandon Thompson
67,2012,2012-04-26,DEN,NE,2012,1,25,0,HighDo01,Dont'a Hightower
67,2012,2012-04-26,NE,DEN,2012,1,31,0,MartDo00,Doug Martin
67,2012,2012-04-26,NE,DEN,2012,4,126,0,CricJa00,Jared Crick
68,2012,2012-04-26,BAL,MIN,2012,1,29,0,SmitHa00,Harrison Smith
68,2012,2012-04-26,MIN,BAL,2012,2,35,0,UpshCo00,Courtney Upshaw
68,2012,2012-04-26,MIN,BAL,2012,4,98,0,GradGi00,Gino Gradkowski
69,2012,2012-04-26,DEN,TB,2012,1,31,0,MartDo00,Doug Martin
69,2012,2012-04-26,DEN,TB,2012,4,126,0,CricJa00,Jared Crick
69,2012,2012-04-26,TB,DEN,2012,2,36,0,WolfDe00,Derek Wolfe
69,2012,2012-04-26,TB,DEN,2012,4,101,0,BoldOm00,Omar Bolden
70,2012,2012-04-26,ATL,PHI,2012,7,229,0,BrowBr02,Bryce Brown
70,2012,2012-04-26,PHI,ATL,,,,,SamuAs20,Asante Samuel
71,2012,2012-04-27,SEA,NYJ,2012,2,43,0,HillSt00,Stephen Hill
71,2012,2012-04-27,NYJ,SEA,2012,2,47,0,WagnBo00,Bobby Wagner
71,2012,2012-04-27,NYJ,SEA,2012,5,154,0,ToomKo00,Korey Toomer
71,2012,2012-04-27,NYJ,SEA,2012,7,232,0,ScruGr00,Greg Scruggs
72,2012,2012-04-27,LA,CHI,2012,2,45,0,JeffAl00,Alshon Jeffery
72,2012,2012-04-27,CHI,LA,2012,2,50,0,PeadIs00,Isaiah Pead
72,2012,2012-04-27,CHI,LA,2012,5,150,0,WatkRo00,Rokevious Watkins
73,2012,2012-04-27,PHI,GB,2012,2,51,0,WortJe00,Jerel Worthy
73,2012,2012-04-27,GB,PHI,2012,2,59,0,CurrVi00,Vinny Curry
73,2012,2012-04-27,GB,PHI,2012,4,123,0,BoykBr00,Brandon Boykin
74,2012,2012-04-27,HOU,TB,2012,2,58,0,DaviLa00,Lavonte David
74,2012,2012-04-27,HOU,TB,2012,7,233,0,DunsDr00,Drake Dunsmore
74,2012,2012-04-27,TB,HOU,2012,3,68,0,PoseDe00,DeVier Posey
74,2012,2012-04-27,TB,HOU,2012,4,126,0,CricJa00,Jared Crick
75,2012,2012-04-27,NE,GB,2012,2,62,0,HaywCa00,Casey Hayward
75,2012,2012-04-27,GB,NE,2012,3,90,0,BequJa00,Jake Bequette
75,2012,2012-04-27,GB,NE,2012,5,163,0,MannTe00,Terrell Manning
76,2012,2012-04-27,CLE,DEN,2012,3,67,0,HillRo00,Ronnie Hillman
76,2012,2012-04-27,DEN,CLE,2012,3,87,0,HughJo00,John Hughes
76,2012,2012-04-27,DEN,CLE,2012,4,120,0,JohnJa04,James-Michael Johnson
77,2012,2012-04-27,WAS,BUF,2012,3,69,0,GrahT.00,T.J. Graham
77,2012,2012-04-27,BUF,WAS,2012,3,71,0,LeRiJo00,Josh LeRibeus
77,2012,2012-04-27,BUF,WAS,2012,7,217,0,BernJo00,Jordan Bernstine
78,2012,2012-04-27,MIA,LAC,2012,3,73,0,TaylBr02,Brandon Taylor
78,2012,2012-04-27,LAC,MIA,2012,3,78,0,EgneMi00,Michael Egnew
78,2012,2012-04-27,LAC,MIA,2012,6,183,0,CunnB.00,B.J. Cunningham
79,2012,2012-04-27,ATL,BAL,2012,3,84,0,PierBe00,Bernard Pierce
79,2012,2012-04-27,BAL,ATL,2012,3,91,0,HolmLa00,Lamar Holmes
79,2012,2012-04-27,BAL,ATL,2012,5,164,0,MassJo00,Jonathan Massaquoi
80,2012,2012-04-27,SF,IND,2012,3,92,0,HiltT.00,T.Y. Hilton
80,2012,2012-04-27,IND,SF,2012,4,97,0,MillLa01,Lamar Miller
80,2012,2012-04-27,IND,SF,2013,5,157,0,DialQu00,Quinton Dial
81,2012,2012-04-28,SF,MIA,2012,4,97,0,MillLa01,Lamar Miller
81,2012,2012-04-28,MIA,SF,2012,4,103,0,AlexFr00,Frank Alexander
81,2012,2012-04-28,MIA,SF,2012,6,196,0,GreeJo03,Jonte Green
81,2012,2012-04-28,MIA,SF,2013,6,180,0,MoodNi00,Nick Moody
82,2012,2012-04-28,SF,CAR,2012,4,103,0,AlexFr00,Frank Alexander
82,2012,2012-04-28,CAR,SF,2012,6,180,0,RobiTr02,Trent Robinson
82,2012,2012-04-28,CAR,SF,2013,3,74,0,WillTe01,Terrance Williams
83,2012,2012-04-28,WAS,PIT,2012,4,109,0,Ta'aAl00,Alameda Ta'amu
83,2012,2012-04-28,PIT,WAS,2012,4,119,0,RobiKe01,Keenan Robinson
83,2012,2012-04-28,PIT,WAS,2012,6,193,0,CompTo00,Tom Compton
84,2012,2012-04-28,DET,SF,2012,4,117,0,LoonJo01,Joe Looney
84,2012,2012-04-28,SF,DET,2012,4,125,0,LewiRo02,Ronnell Lewis
84,2012,2012-04-28,SF,DET,2012,6,196,0,GreeJo03,Jonte Green
85,2012,2012-04-28,MIA,TEN,2012,5,145,0,ThomTa00,Taylor Thompson
85,2012,2012-04-28,TEN,MIA,2012,5,155,0,KaddJo00,Josh Kaddu
85,2012,2012-04-28,TEN,MIA,2012,7,227,0,MattRi00,Rishard Matthews
86,2012,2012-04-28,OAK,DET,2012,5,148,0,GreeCh01,Chris Greenwood
86,2012,2012-04-28,DET,OAK,2012,5,158,0,CrawJa00,Jack Crawford
86,2012,2012-04-28,DET,OAK,2012,7,230,0,StupNa01,Nathan Stupar
87,2012,2012-04-28,MIN,TEN,2012,5,163,0,MannTe00,Terrell Manning
87,2012,2012-04-28,MIN,TEN,2012,7,224,0,DennAl00,Alfonzo Dennard
87,2012,2012-04-28,MIN,TEN,2012,7,211,0,SoloSc00,Scott Solomon
87,2012,2012-04-28,TEN,MIN,2013,6,176,0,QuesDa00,David Quessenberry
88,2012,2012-04-28,GB,NE,2012,6,197,0,EbneNa00,Nate Ebner
88,2012,2012-04-28,GB,NE,2012,7,224,0,DennAl00,Alfonzo Dennard
88,2012,2012-04-28,GB,NE,2012,7,235,0,EberJe00,Jeremy Ebert
88,2012,2012-04-28,NE,GB,2012,5,163,0,MannTe00,Terrell Manning
89,2012,2012-04-28,DET,MIN,2012,7,219,0,GuytTr00,Trevor Guyton
89,2012,2012-04-28,DET,MIN,2013,4,102,0,BoycJo00,Josh Boyce
89,2012,2012-04-28,MIN,DET,2012,5,138,0,WhitTa00,Tahir Whitehead
89,2012,2012-04-28,MIN,DET,2012,7,223,0,LewiTr00,Travis Lewis
90,2012,2012-07-24,CAR,OAK,2013,7,219,0,JeffD.00,D.C. Jefferson
90,2012,2012-07-24,OAK,CAR,,,,,MurpLo00,Louis Murphy
91,2012,2012-07-27,CHI,TB,2013,7,226,0,BuchMi00,Michael Buchanan
91,2012,2012-07-27,TB,CHI,,,,,PricBr99,Brian Price
92,2012,2012-08-21,NO,SEA,2013,7,220,0,SeymRy00,Ryan Seymour
92,2012,2012-08-21,SEA,NO,,,,,RuudBa20,Barrett Ruud
93,2012,2012-08-27,DET,WAS,2013,,,1,,
93,2012,2012-08-27,WAS,DET,,,,,BarnKe99,Kevin Barnes
94,2012,2012-08-27,IND,MIA,2013,2,54,0,TaylJa01,Jamar Taylor
94,2012,2012-08-27,MIA,IND,,,,,DaviVo99,Vontae Davis
95,2012,2012-08-27,BUF,SEA,2013,7,214,0,BondTr00,Travis Bond
95,2012,2012-08-27,SEA,BUF,,,,,JackTa00,Tarvaris Jackson
96,2012,2012-08-31,CLE,PHI,,,,,SimsDa01,David Sims
96,2012,2012-08-31,CLE,PHI,2013,7,212,0,KrugJo00,Joe Kruger
96,2012,2012-08-31,PHI,CLE,2013,6,173,0,PainVi00,Vinston Painter
97,2012,2012-09-01,ARI,MIN,,,,,JeffA.00,A.J. Jefferson
97,2012,2012-09-01,ARI,MIN,2013,7,213,0,MautMi00,Michael Mauti
97,2012,2012-09-01,MIN,ARI,2013,6,176,0,QuesDa00,David Quessenberry
98,2012,2012-11-01,TB,NE,,,,,TaliAq99,Aqib Talib
98,2012,2012-11-01,TB,NE,2013,7,226,0,BuchMi00,Michael Buchanan
98,2012,2012-11-01,NE,TB,2013,4,126,0,GholWi00,William Gholston
99,2013,2013-03-12,SEA,MIN,2013,1,25,0,RhodXa00,Xavier Rhodes
99,2013,2013-03-12,SEA,MIN,2013,7,214,0,BondTr00,Travis Bond
99,2013,2013-03-12,SEA,MIN,2014,3,96,0,McKiJe00,Jerick McKinnon
99,2013,2013-03-12,MIN,SEA,,,,,HarvPe00,Percy Harvin
100,2013,2013-03-12,KC,SF,2013,2,34,0,HuntJu00,Justin Hunter
100,2013,2013-03-12,KC,SF,2014,2,56,0,LatiCo00,Cody Latimer
100,2013,2013-03-12,SF,KC,,,,,SmitAl03,Alex Smith
101,2013,2013-03-12,SF,BAL,2013,6,199,0,RiddTh00,Theo Riddick
101,2013,2013-03-12,BAL,SF,,,,,BoldAn00,Anquan Boldin
102,2013,2013-03-16,TB,PHI,,,,,BennAr00,Arrelious Benn
102,2013,2013-03-16,TB,PHI,2013,7,218,0,PoyeJo00,Jordan Poyer
102,2013,2013-03-16,PHI,TB,2014,2,,1,,
102,2013,2013-03-16,PHI,TB,2013,6,196,0,BacaJe00,Jeff Baca
103,2013,2013-04-02,CLE,SF,,,,,McCoCo00,Colt McCoy
103,2013,2013-04-02,CLE,SF,2013,6,173,0,PainVi00,Vinston Painter
103,2013,2013-04-02,SF,CLE,2013,5,164,0,GillMi00,Mike Gillislee
103,2013,2013-04-02,SF,CLE,2013,7,227,0,GilkGa00,Garrett Gilkey
104,2013,2013-04-02,OAK,ARI,,,,,PalmCa00,Carson Palmer
104,2013,2013-04-02,OAK,ARI,2013,7,219,0,JeffD.00,D.C. Jefferson
104,2013,2013-04-02,ARI,OAK,2013,6,176,0,QuesDa00,David Quessenberry
104,2013,2013-04-02,ARI,OAK,2014,7,235,0,HarrSh00,Shelby Harris
105,2013,2013-04-22,TB,NYJ,2013,1,13,0,RichSh00,Sheldon Richardson
105,2013,2013-04-22,TB,NYJ,2014,4,104,0,SaunJa00,Jalen Saunders
105,2013,2013-04-22,NYJ,TB,,,,,ReviDa99,Darrelle Revis
106,2013,2013-04-25,OAK,MIA,2013,1,3,0,JordDi00,Dion Jordan
106,2013,2013-04-25,MIA,OAK,2013,1,12,0,HaydDJ00,D.J. Hayden
106,2013,2013-04-25,MIA,OAK,2013,2,42,0,WatsMe00,Menelik Watson
107,2013,2013-04-25,BUF,LA,2013,1,8,0,AustTa00,Tavon Austin
107,2013,2013-04-25,BUF,LA,2013,3,71,0,McDoTJ00,T.J. McDonald
107,2013,2013-04-25,LA,BUF,2013,1,16,0,ManuEJ00,EJ Manuel
107,2013,2013-04-25,LA,BUF,2013,2,46,0,AlonKi00,Kiko Alonso
107,2013,2013-04-25,LA,BUF,2013,3,78,0,GoodMa00,Marquise Goodwin
107,2013,2013-04-25,LA,BUF,2013,7,222,0,GragCh00,Chris Gragg
108,2013,2013-04-25,DAL,SF,2013,1,18,0,ReidEr00,Eric Reid
108,2013,2013-04-25,SF,DAL,2013,1,31,0,FredTr00,Travis Frederick
108,2013,2013-04-25,SF,DAL,2013,3,74,0,WillTe01,Terrance Williams
109,2013,2013-04-25,LA,ATL,2013,1,22,0,TrufDe00,Desmond Trufant
109,2013,2013-04-25,LA,ATL,2015,7,249,0,KingAk00,Akeem King
109,2013,2013-04-25,ATL,LA,2013,1,30,0,OgleAl00,Alec Ogletree
109,2013,2013-04-25,ATL,LA,2013,3,92,0,BailSt01,Stedman Bailey
109,2013,2013-04-25,ATL,LA,2013,6,198,0,JoneCh04,Chris Jones
110,2013,2013-04-25,NE,MIN,2013,1,29,0,PattCo00,Cordarrelle Patterson
110,2013,2013-04-25,MIN,NE,2013,2,52,0,CollJa00,Jamie Collins
110,2013,2013-04-25,MIN,NE,2013,3,83,0,RyanLo00,Logan Ryan
110,2013,2013-04-25,MIN,NE,2013,4,102,0,BoycJo00,Josh Boyce
110,2013,2013-04-25,MIN,NE,2013,7,229,0,DawkEv00,Everett Dawkins
111,2013,2013-04-26,SF,TEN,2013,2,34,0,HuntJu00,Justin Hunter
111,2013,2013-04-26,TEN,SF,2013,2,40,0,CarrCo00,Tank Carradine
111,2013,2013-04-26,TEN,SF,2013,7,216,0,JohnCh08,Charles Johnson
111,2013,2013-04-26,TEN,SF,2014,3,77,0,BorlCh00,Chris Borland
112,2013,2013-04-26,ARI,LAC,2013,2,38,0,TeoxMa00,Manti Te'o
112,2013,2013-04-26,LAC,ARI,2013,2,45,0,MintKe00,Kevin Minter
112,2013,2013-04-26,LAC,ARI,2013,4,110,0,NassRy00,Ryan Nassib
113,2013,2013-04-26,GB,SF,2013,2,55,0,McDoVa00,Vance McDonald
113,2013,2013-04-26,SF,GB,2013,2,61,0,LacyEd00,Eddie Lacy
113,2013,2013-04-26,SF,GB,2013,6,173,0,PainVi00,Vinston Painter
114,2013,2013-04-26,SEA,BAL,2013,2,56,0,BrowAr00,Arthur Brown
114,2013,2013-04-26,BAL,SEA,2013,2,62,0,MichCh00,Christine Michael
114,2013,2013-04-26,BAL,SEA,2013,5,165,0,MartSa01,Sam Martin
114,2013,2013-04-26,BAL,SEA,2013,6,199,0,RiddTh00,Theo Riddick
115,2013,2013-04-26,MIA,NO,2013,3,82,0,JenkJo00,John Jenkins
115,2013,2013-04-26,NO,MIA,2013,4,106,0,SimsDi00,Dion Sims
115,2013,2013-04-26,NO,MIA,2013,4,109,0,BakhDa00,David Bakhtiari
116,2013,2013-04-26,GB,SF,2013,3,88,0,LemoCo00,Corey Lemonier
116,2013,2013-04-26,SF,GB,2013,3,93,0,DaviWi02,Will Davis
116,2013,2013-04-26,SF,GB,2013,7,216,0,JohnCh08,Charles Johnson
117,2013,2013-04-26,GB,MIA,2013,3,93,0,DaviWi02,Will Davis
117,2013,2013-04-26,MIA,GB,2013,4,109,0,BakhDa00,David Bakhtiari
117,2013,2013-04-26,MIA,GB,2013,5,146,0,SmitQu00,Quanterus Smith
117,2013,2013-04-26,MIA,GB,2013,7,224,0,DorsKe01,Kevin Dorsey
118,2013,2013-04-26,NYJ,NO,2013,4,106,0,SimsDi00,Dion Sims
118,2013,2013-04-26,NO,NYJ,,,,,IvorCh00,Chris Ivory
119,2013,2013-04-26,MIA,CLE,,,,,BessDa00,Davone Bess
119,2013,2013-04-26,MIA,CLE,2013,4,111,0,ThomSh00,Shamarko Thomas
119,2013,2013-04-26,MIA,CLE,2013,7,217,0,BryaAr00,Armonty Bryant
119,2013,2013-04-26,CLE,MIA,2013,4,104,0,JenkJe00,Jelani Jenkins
119,2013,2013-04-26,CLE,MIA,2013,5,164,0,GillMi00,Mike Gillislee
120,2013,2013-04-27,JAX,PHI,2013,4,98,0,BarkMa00,Matt Barkley
120,2013,2013-04-27,PHI,JAX,2013,4,101,0,SandAc00,Ace Sanders
120,2013,2013-04-27,PHI,JAX,2013,7,210,0,McCrDe00,Demetrius McCray
121,2013,2013-04-27,OAK,TB,2013,4,100,0,SpenAk00,Akeem Spence
121,2013,2013-04-27,TB,OAK,2013,4,112,0,WilsTy00,Tyler Wilson
121,2013,2013-04-27,TB,OAK,2013,6,181,0,MurrLa00,Latavius Murray
122,2013,2013-04-27,ARI,NYG,2013,4,110,0,NassRy00,Ryan Nassib
122,2013,2013-04-27,NYG,ARI,2013,4,116,0,WatfEa00,Earl Watford
122,2013,2013-04-27,NYG,ARI,2013,6,187,0,ElliAn00,Andre Ellington
123,2013,2013-04-27,CLE,PIT,2013,4,111,0,ThomSh00,Shamarko Thomas
123,2013,2013-04-27,PIT,CLE,2014,3,83,0,NixILo00,Louis Nix
124,2013,2013-04-27,DEN,GB,2013,4,125,0,FranJo01,Johnathan Franklin
124,2013,2013-04-27,GB,DEN,2013,5,146,0,SmitQu00,Quanterus Smith
124,2013,2013-04-27,GB,DEN,2013,6,173,0,PainVi00,Vinston Painter
125,2013,2013-04-27,DET,SEA,2013,5,137,0,WillJe02,Jesse Williams
125,2013,2013-04-27,SEA,DET,2013,5,165,0,MartSa01,Sam Martin
125,2013,2013-04-27,SEA,DET,2013,6,199,0,RiddTh00,Theo Riddick
126,2013,2013-04-27,CLE,IND,2013,5,139,0,HughMo00,Montori Hughes
126,2013,2013-04-27,IND,CLE,2014,4,127,0,DesiPi00,Pierre Desir
127,2013,2013-04-27,CHI,ATL,2013,5,153,0,MapoSt00,Stansly Maponga
127,2013,2013-04-27,ATL,CHI,2013,5,163,0,MillJo02,Jordan Mills
127,2013,2013-04-27,ATL,CHI,2013,7,236,0,WilsMa02,Marquess Wilson
128,2013,2013-04-27,HOU,LA,2013,5,160,0,StacZa00,Zac Stacy
128,2013,2013-04-27,LA,HOU,2013,6,184,0,RiveMy00,Mychal Rivera
128,2013,2013-04-27,LA,HOU,2013,6,198,0,JoneCh04,Chris Jones
129,2013,2013-04-27,OAK,HOU,2013,6,176,0,QuesDa00,David Quessenberry
129,2013,2013-04-27,HOU,OAK,2013,6,184,0,RiveMy00,Mychal Rivera
129,2013,2013-04-27,HOU,OAK,2013,7,233,0,BassDa00,David Bass
130,2013,2013-04-27,MIN,TB,2013,6,189,0,JameMi00,Mike James
130,2013,2013-04-27,TB,MIN,2013,6,196,0,BacaJe00,Jeff Baca
130,2013,2013-04-27,TB,MIN,2013,7,229,0,DawkEv00,Everett Dawkins
131,2013,2013-04-27,NE,TB,,,,,DempJe00,Jeff Demps
131,2013,2013-04-27,NE,TB,2013,7,229,0,DawkEv00,Everett Dawkins
131,2013,2013-04-27,TB,NE,,,,,BlouLe00,LeGarrette Blount
132,2013,2013-05-09,BAL,IND,2014,7,232,0,JohnUl00,Ulrick John
132,2013,2013-05-09,IND,BAL,,,,,ShipA.20,A.Q. Shipley
133,2013,2013-06-09,TB,CHI,2014,6,183,0,FaleDa00,David Fales
133,2013,2013-06-09,CHI,TB,,,,,CariGa00,Gabe Carimi
134,2013,2013-08-26,NO,SF,2014,7,242,0,NelsCo00,Corey Nelson
134,2013,2013-08-26,SF,NO,,,,,HaraPa20,Parys Haralson
135,2013,2013-08-31,DAL,KC,2014,6,193,0,FultZa00,Zach Fulton
135,2013,2013-08-31,KC,DAL,,,,,JoneEd22,Edgar Jones
136,2013,2013-09-18,IND,CLE,2014,1,26,0,SmitMa03,Marcus Smith
136,2013,2013-09-18,CLE,IND,,,,,RichTr00,Trent Richardson
137,2013,2013-10-01,BAL,JAX,2014,5,159,0,SmitCh03,Chris Smith
137,2013,2013-10-01,BAL,JAX,2014,4,114,0,ColvAa00,Aaron Colvin
137,2013,2013-10-01,JAX,BAL,,,,,MonrEu20,Eugene Monroe
138,2013,2013-10-02,PIT,ARI,2014,,,1,,
138,2013,2013-10-02,ARI,PIT,,,,,BrowLe00,Levi Brown
139,2013,2013-10-04,NYG,CAR,2014,7,225,0,PricJa00,Jabari Price
139,2013,2013-10-04,CAR,NYG,,,,,BeasJo99,Jon Beason
140,2013,2013-10-29,NE,PHI,2014,5,169,0,PoweRo01,Ronald Powell
140,2013,2013-10-29,PHI,NE,,,,,SopoIs20,Isaac Sopoaga
140,2013,2013-10-29,PHI,NE,2014,6,198,0,MoorZa00,Zach Moore
141,2014,2014-03-11,SF,JAX,2014,6,205,0,BowaLu00,Luke Bowanko
141,2014,2014-03-11,JAX,SF,,,,,GabbBl00,Blaine Gabbert
142,2014,2014-03-13,PHI,NO,2014,5,169,0,PoweRo01,Ronald Powell
142,2014,2014-03-13,NO,PHI,,,,,SproDa00,Darren Sproles
143,2014,2014-03-21,OAK,HOU,2014,6,181,0,BlueAl00,Alfred Blue
143,2014,2014-03-21,HOU,OAK,,,,,SchaMa00,Matt Schaub
144,2014,2014-04-04,BUF,TB,2014,6,185,0,HerrRo00,Robert Herron
144,2014,2014-04-04,TB,BUF,,,,,WillMi04,Mike Williams
145,2014,2014-04-21,SEA,OAK,2014,7,247,0,DowlJo00,Jonathan Dowling
145,2014,2014-04-21,OAK,SEA,,,,,PryoTe00,Terrelle Pryor
146,2014,2014-05-09,BUF,CLE,2014,1,9,0,BarrAn00,Anthony Barr
146,2014,2014-05-09,BUF,CLE,2015,1,19,0,ErviCa00,Cameron Erving
146,2014,2014-05-09,BUF,CLE,2015,4,115,0,CampIb00,Ibraheim Campbell
146,2014,2014-05-09,CLE,BUF,2014,1,4,0,WatkSa00,Sammy Watkins
147,2014,2014-05-09,SF,BUF,2015,4,113,0,WrigGa00,Gabe Wright
147,2014,2014-05-09,BUF,SF,,,,,JohnSt00,Steve Johnson
148,2014,2014-05-09,DEN,SF,2014,2,63,0,LandJa00,Jarvis Landry
148,2014,2014-05-09,DEN,SF,2014,5,171,0,TripJo00,Jordan Tripp
148,2014,2014-05-09,DEN,SF,2015,4,126,0,DaviMi01,Mike Davis
148,2014,2014-05-09,SF,DEN,2014,2,56,0,LatiCo00,Cody Latimer
148,2014,2014-05-09,SF,DEN,2014,7,242,0,NelsCo00,Corey Nelson
149,2014,2014-05-10,BUF,PHI,2014,7,224,0,AlleBe00,Beau Allen
149,2014,2014-05-10,BUF,PHI,2015,4,113,0,WrigGa00,Gabe Wright
149,2014,2014-05-10,PHI,BUF,,,,,BrowBr02,Bryce Brown
149,2014,2014-05-10,PHI,BUF,2014,7,237,0,HendSe00,Seantrel Henderson
150,2014,2014-05-10,TB,BUF,2014,7,221,0,JohnRa01,Randell Johnson
150,2014,2014-05-10,TB,BUF,2015,5,137,0,JarrGr00,Grady Jarrett
150,2014,2014-05-10,BUF,TB,2014,5,149,0,PampKe00,Kevin Pamphile
151,2014,2014-05-10,CHI,DEN,2014,5,156,0,BarrLa00,Lamin Barrow
151,2014,2014-05-10,CHI,DEN,2015,5,143,0,PruiMy00,MyCole Pruitt
151,2014,2014-05-10,DEN,CHI,2014,4,131,0,VereBr00,Brock Vereen
151,2014,2014-05-10,DEN,CHI,2014,7,246,0,LenoCh00,Charles Leno
152,2014,2014-05-10,BAL,CLE,2015,6,202,0,DerbA.00,A.J. Derby
152,2014,2014-05-10,CLE,BAL,2014,7,218,0,CampMi02,Michael Campanaro
153,2014,2014-07-01,NE,GB,2015,,,1,,
153,2014,2014-07-01,GB,NE,,,,,WortJe00,Jerel Worthy
154,2014,2014-07-01,BAL,DAL,,,,,McClRo00,Rolando McClain
154,2014,2014-07-01,BAL,DAL,2015,7,243,0,GibsLa00,Laurence Gibson
154,2014,2014-07-01,DAL,BAL,2015,6,203,0,KilgDa01,Darius Kilgo
155,2014,2014-08-26,TB,NE,,,,,WrigTi01,Tim Wright
155,2014,2014-08-26,TB,NE,2015,4,101,0,FlowTr00,Trey Flowers
155,2014,2014-08-26,NE,TB,,,,,MankLo20,Logan Mankins
156,2014,2014-08-30,SEA,IND,2015,6,206,0,RipkAa00,Aaron Ripkowski
156,2014,2014-08-30,IND,SEA,,,,,BurlMa00,Marcus Burley
157,2014,2014-10-18,NYJ,SEA,2015,6,181,0,JarrKy00,Kyshoen Jarrett
157,2014,2014-10-18,SEA,NYJ,,,,,HarvPe00,Percy Havin
158,2015,2015-03-10,NO,SEA,,,,,GrahJi00,Jimmy Graham
158,2015,2015-03-10,NO,SEA,2015,4,112,0,KouaAr00,Arie Koujio
158,2015,2015-03-10,SEA,NO,,,,,UngeMa20,Max Unger
158,2015,2015-03-10,SEA,NO,2015,1,31,0,AnthSt00,Stephone Anthony
159,2015,2015-03-10,PHI,LA,,,,,FoleNi00,Nick Foles
159,2015,2015-03-10,PHI,LA,2015,4,119,0,DonnAn00,Andrew Donnal
159,2015,2015-03-10,PHI,LA,2016,2,43,0,JohnAu01,Austin Johnson
159,2015,2015-03-10,LA,PHI,,,,,BradSa00,Sam Bradford
159,2015,2015-03-10,LA,PHI,2015,5,145,0,McCaBo01,Bobby McCain
159,2015,2015-03-10,LA,PHI,2016,,,1,,
160,2015,2015-03-10,MIN,BUF,,,,,CassMa00,Matt Cassel
160,2015,2015-03-10,MIN,BUF,2015,6,187,0,SpenEv00,Evan Spencer
160,2015,2015-03-10,BUF,MIN,2015,5,137,0,JarrGr00,Grady Jarrett
160,2015,2015-03-10,BUF,MIN,2016,7,240,0,McCaAl00,Alex McCalister
161,2015,2015-03-10,CHI,NYJ,,,,,MarsBr00,Brandon Marshall
161,2015,2015-03-10,CHI,NYJ,2015,7,224,0,HageBr00,Bryce Hager
161,2015,2015-03-10,NYJ,CHI,2015,5,142,0,AmosAd00,Adrian Amos
162,2015,2015-03-10,BAL,DET,,,,,NgatHa20,Haloti Ngata
162,2015,2015-03-10,BAL,DET,2015,7,231,0,IoseJo00,Joey Iosefa
162,2015,2015-03-10,DET,BAL,2015,4,122,0,SmitZa00,Za'Darius Smith
162,2015,2015-03-10,DET,BAL,2015,5,158,0,RiddSh00,Shaquille Riddick
163,2015,2015-03-13,MIA,NO,,,,,ElleDa99,Dannell Ellerbe
163,2015,2015-03-13,MIA,NO,2015,3,78,0,WillP.00,P.J. Williams
163,2015,2015-03-13,NO,MIA,,,,,StilKe00,Kenny Stills
164,2015,2015-04-30,LAC,SF,2015,1,17,0,ArmsAr01,Arik Armstead
164,2015,2015-04-30,LAC,SF,2015,4,117,0,BellBl00,Blake Bell
164,2015,2015-04-30,LAC,SF,2016,5,142,0,BlaiRo00,Ronald Blair
164,2015,2015-04-30,SF,LAC,2015,1,15,0,GordMe00,Melvin Gordon
165,2015,2015-04-30,DEN,DET,2015,1,28,0,TomlLa01,Laken Tomlinson
165,2015,2015-04-30,DEN,DET,2015,5,143,0,PruiMy00,MyCole Pruitt
165,2015,2015-04-30,DEN,DET,2016,5,169,0,WillAn01,Antwione Williams
165,2015,2015-04-30,DEN,DET,,,,,RamiMa20,Manuel Ramirez
165,2015,2015-04-30,DET,DEN,2015,1,23,0,RayxSh00,Shane Ray
166,2015,2015-05-02,DET,PHI,2016,3,,0,,
166,2015,2015-05-02,PHI,DET,2015,4,113,0,WrigGa00,Gabe Wright
167,2015,2015-05-02,DAL,SF,2016,6,178,0,WhitD.00,D.J. White
167,2015,2015-05-02,SF,DAL,2015,7,246,0,SwaiGe00,Geoff Swaim
168,2015,2015-05-02,NO,WAS,2015,6,187,0,SpenEv00,Evan Spencer
168,2015,2015-05-02,NO,WAS,2016,6,187,0,SudfNa00,Nate Sudfeld
168,2015,2015-05-02,WAS,NO,2015,5,167,0,SwanDa02,Damian Swann
169,2015,2015-08-01,PIT,PHI,2016,5,164,0,VaitHa00,Halapoulivaati Vaitai
169,2015,2015-08-01,PHI,PIT,,,,,BoykBr00,Brandon Boykin
170,2015,2015-08-02,SEA,DET,2016,6,202,0,ZettAn00,Anthony Zettel
170,2015,2015-08-02,DET,SEA,,,,,SeisMo00,Mohammed Seisay
171,2015,2015-08-31,PIT,JAX,2016,6,201,0,AlleBr00,Brandon Allen
171,2015,2015-08-31,JAX,PIT,,,,,scobejos01,Josh Scobee
172,2015,2015-08-31,HOU,DEN,2016,7,235,0,EdwaLa01,Lac Edwards
172,2015,2015-08-31,DEN,HOU,,,,,ClarCh21,Chris Clark
173,2015,2015-09-04,ATL,TEN,2016,6,193,0,TretSe00,Sebastian Tretola
173,2015,2015-09-04,TEN,ATL,,,,,LeviAn20,Andy Levitre
174,2015,2015-09-04,IND,OAK,2016,6,194,0,JameCo00,Cory James
174,2015,2015-09-04,OAK,IND,,,,,MoorSi00,Sio Moore
175,2015,2015-09-04,NYG,PIT,2016,7,229,0,AyerDe00,Demarcus Ayers
175,2015,2015-09-04,PIT,NYG,,,,,WingBr00,Brad Wing
176,2015,2015-09-04,ARI,PHI,2016,7,251,0,WalkJo01,Joe Walker
176,2015,2015-09-04,PHI,ARI,,,,,BarkMa00,Matt Barkley
177,2015,2015-09-05,SEA,KC,2016,5,162,0,HogaKe00,Kevin Hogan
177,2015,2015-09-05,KC,SEA,,,,,McCrKe00,Kelcie McCray
178,2015,2015-09-05,MIN,LAC,2016,6,198,0,WattDe00,Derek Watt
178,2015,2015-09-05,LAC,MIN,,,,,SirlJe00,Jeremiah Sirles
179,2015,2015-09-06,DAL,SEA,2016,7,225,0,LuciDe00,Devin Lucien
179,2015,2015-09-06,SEA,DAL,,,,,MichCh00,Christine Michael
180,2015,2015-09-16,OAK,DAL,,,,,ButlBr00,Brice Butler
180,2015,2015-09-16,OAK,DAL,2016,6,189,0,BrowAn02,Anthony Brown
180,2015,2015-09-16,DAL,OAK,2016,5,143,0,WashDe00,DeAndre Washington
181,2015,2015-09-17,HOU,NE,,,,,MartKe01,Keshawn Martin
181,2015,2015-09-17,HOU,NE,2016,6,196,0,CounBl00,Blake Countess
181,2015,2015-09-17,NE,HOU,2016,5,166,0,ReadD.00,D.J. Reader
182,2015,2015-09-21,BAL,MIA,2016,7,227,0,WeatSt00,Stephen Weatherly
182,2015,2015-09-21,MIA,BAL,,,,,DaviWi02,Will Davis
183,2015,2015-09-28,NE,CHI,2016,6,204,0,LucaJo00,Jordan Lucas
183,2015,2015-09-28,CHI,NE,,,,,BostJo00,Jon Bostic
184,2015,2015-09-28,CAR,CHI,2016,6,206,0,ThomMi04,Mike Thomas
184,2015,2015-09-28,CHI,CAR,,,,,AlleJa22,Jared Allen
185,2015,2015-10-06,SF,MIN,,,,,EastNi00,Nick Easton
185,2015,2015-10-06,SF,MIN,2016,6,180,0,BoehMo00,Moritz Boehringer
185,2015,2015-10-06,MIN,SF,,,,,HodgGe00,Gerald Hodges
186,2016,2016-03-09,PHI,MIA,,,,,MaxwBy00,Byron Maxwell
186,2016,2016-03-09,PHI,MIA,,,,,AlonKi00,Kiko Alonso
186,2016,2016-03-09,PHI,MIA,2016,1,13,0,TunsLa00,Laremy Tunsil
186,2016,2016-03-09,MIA,PHI,2016,1,8,0,ConkJa00,Jack Conklin
187,2016,2016-03-09,PHI,TEN,,,,,MurrDe00,DeMarco Murray
187,2016,2016-03-09,PHI,TEN,2016,4,113,0,KwiaNi00,Nick Kwiatkoski
187,2016,2016-03-09,TEN,PHI,2016,4,100,0,CookCo00,Connor Cook
188,2016,2016-03-15,ARI,NE,,,,,CoopJo01,Jonathan Cooper
188,2016,2016-03-15,ARI,NE,2016,2,61,0,BellVo00,Vonn Bell
188,2016,2016-03-15,NE,ARI,,,,,JoneCh03,Chler Jones
189,2016,2016-03-17,CHI,NE,,,,,BennMa00,Martellus Bennett
189,2016,2016-03-17,CHI,NE,2016,6,204,0,LucaJo00,Jordan Lucas
189,2016,2016-03-17,NE,CHI,2016,4,127,0,HallDe02,Deiondre' Hall
190,2016,2016-04-14,LA,TEN,2016,1,15,0,ColeCo00,Corey Coleman
190,2016,2016-04-14,LA,TEN,2016,2,43,0,JohnAu01,Austin Johnson
190,2016,2016-04-14,LA,TEN,2016,2,45,0,HenrDe00,Derrick Henry
190,2016,2016-04-14,LA,TEN,2016,3,76,0,ColeSh00,Shon Coleman
190,2016,2016-04-14,LA,TEN,2017,1,5,0,DaviCo03,Corey Davis
190,2016,2016-04-14,LA,TEN,2017,3,100,0,SmitJo01,Jonnu Smith
190,2016,2016-04-14,TEN,LA,2016,1,1,0,GoffJa00,Jared Goff
190,2016,2016-04-14,TEN,LA,2016,4,113,0,KwiaNi00,Nick Kwiatkoski
190,2016,2016-04-14,TEN,LA,2016,6,177,0,HemiTe00,Temarrick Hemingway
191,2016,2016-04-20,CLE,PHI,2016,1,2,0,WentCa00,Carson Wentz
191,2016,2016-04-20,CLE,PHI,2017,4,139,0,ChesJe00,Jehu Chesson
191,2016,2016-04-20,PHI,CLE,2016,1,8,0,ConkJa00,Jack Conklin
191,2016,2016-04-20,PHI,CLE,2016,3,77,0,WorlDa00,Daryl Worley
191,2016,2016-04-20,PHI,CLE,2016,4,100,0,CookCo00,Connor Cook
191,2016,2016-04-20,PHI,CLE,2017,1,12,0,WatsDe00,Deshaun Watson
191,2016,2016-04-20,PHI,CLE,2018,2,64,0,LewiTy00,Tyquan Lewis
192,2016,2016-04-28,CLE,TEN,2016,1,8,0,ConkJa00,Jack Conklin
192,2016,2016-04-28,CLE,TEN,2016,6,176,0,JanoAn00,Andy Janovich
192,2016,2016-04-28,TEN,CLE,2016,1,15,0,ColeCo00,Corey Coleman
192,2016,2016-04-28,TEN,CLE,2016,3,76,0,ColeSh00,Shon Coleman
192,2016,2016-04-28,TEN,CLE,2017,2,52,0,KizeDe00,DeShone Kizer
193,2016,2016-04-28,TB,CHI,2016,1,9,0,FloyLe00,Leonard Floyd
193,2016,2016-04-28,CHI,TB,2016,1,11,0,HargVe00,Vernon Hargreaves
193,2016,2016-04-28,CHI,TB,2016,4,106,0,MurrEr00,Eric Murray
194,2016,2016-04-28,WAS,HOU,2016,1,21,0,FullWi01,Will Fuller
194,2016,2016-04-28,HOU,WAS,2016,1,22,0,DoctJo00,Josh Doctson
194,2016,2016-04-28,HOU,WAS,2017,6,209,0,DaviRo00,Robert Davis
195,2016,2016-04-28,SEA,DEN,2016,1,26,0,LyncPa00,Paxton Lynch
195,2016,2016-04-28,DEN,SEA,2016,1,31,0,IfedGe00,Germain Ifedi
195,2016,2016-04-28,DEN,SEA,2016,3,94,0,VannNi00,Nick Vannett
196,2016,2016-04-28,KC,SF,2016,1,28,0,GarnJo00,Joshua Garnett
196,2016,2016-04-28,SF,KC,2016,2,37,0,JoneCh09,Chris Jones
196,2016,2016-04-28,SF,KC,2016,4,105,0,EhinPa00,Parker Ehinger
196,2016,2016-04-28,SF,KC,2016,6,178,0,WhitD.00,D.J. White
197,2016,2016-04-29,JAX,BAL,2016,2,38,0,HowaXa00,Xavien Howard
197,2016,2016-04-29,JAX,BAL,2016,5,146,0,JudoMa00,Matt Judon
197,2016,2016-04-29,BAL,JAX,2016,2,36,0,JackMy00,Myles Jack
198,2016,2016-04-29,MIA,BAL,2016,2,42,0,CorrKa00,Kamalei Correa
198,2016,2016-04-29,MIA,BAL,2016,4,107,0,MoorCh00,Chris Moore
198,2016,2016-04-29,BAL,MIA,2016,2,38,0,HowaXa00,Xavien Howard
199,2016,2016-04-29,BUF,CHI,2016,2,49,0,ReedJa02,Jarran Reed
199,2016,2016-04-29,BUF,CHI,2016,4,117,0,CoopPh00,Pharoh Cooper
199,2016,2016-04-29,BUF,CHI,2017,4,117,0,ReynJo00,Josh Reynolds
199,2016,2016-04-29,CHI,BUF,2016,2,41,0,RaglRe00,Reggie Ragland
200,2016,2016-04-29,HOU,ATL,2016,2,52,0,JoneDe01,Deion Jones
200,2016,2016-04-29,HOU,ATL,2016,6,195,0,SchwWe00,Wes Schweitzer
200,2016,2016-04-29,ATL,HOU,2016,2,50,0,MartNi00,Nick Martin
201,2016,2016-04-29,SEA,CHI,2016,2,56,0,WhitCo03,Cody Whitehair
201,2016,2016-04-29,SEA,CHI,2016,4,124,0,BushDe00,Deon Bush
201,2016,2016-04-29,CHI,SEA,2016,2,49,0,ReedJa02,Jarran Reed
202,2016,2016-04-29,GB,IND,2016,2,57,0,GreeT.00,T.J. Green
202,2016,2016-04-29,GB,IND,2016,4,125,0,MorrAn01,Antonio Morrison
202,2016,2016-04-29,GB,IND,2016,7,248,0,BlytAu00,Austin Blythe
202,2016,2016-04-29,IND,GB,2016,2,48,0,SpriJa00,Jason Spriggs
203,2016,2016-04-29,TB,KC,2016,3,74,0,RussKe00,KeiVarae Russell
203,2016,2016-04-29,TB,KC,2016,4,106,0,MurrEr00,Eric Murray
203,2016,2016-04-29,KC,TB,2016,2,59,0,AguaRo00,Roberto Aguayo
204,2016,2016-04-29,NO,NE,2016,3,78,0,ThunJo00,Joe Thuney
204,2016,2016-04-29,NO,NE,2016,4,112,0,MitcMa01,Malcolm Mitchell
204,2016,2016-04-29,NE,NO,2016,2,61,0,BellVo00,Vonn Bell
205,2016,2016-04-29,CAR,CLE,2016,3,93,0,KessCo00,Cody Kessler
205,2016,2016-04-29,CAR,CLE,2016,4,129,0,KindDe00,Derrick Kindred
205,2016,2016-04-29,CAR,CLE,2016,5,168,0,DranSp00,Spencer Drango
205,2016,2016-04-29,CLE,CAR,2016,3,77,0,WorlDa00,Daryl Worley
205,2016,2016-04-29,CLE,CAR,2016,5,141,0,SancZa00,Zack Sanchez
206,2016,2016-04-29,MIA,MIN,2016,6,186,0,GranJa00,Jakeem Grant
206,2016,2016-04-29,MIA,MIN,2017,3,86,0,HuntKa00,Kareem Hunt
206,2016,2016-04-29,MIA,MIN,2017,4,128,0,MaloJo00,Josh Malone
206,2016,2016-04-29,MIN,MIA,2016,3,86,0,CarrLe00,Leonte Carroo
207,2016,2016-04-30,OAK,CLE,2016,4,114,0,LouiRi00,Ricardo Louis
207,2016,2016-04-30,OAK,CLE,2016,5,154,0,PaytJo00,Jordan Payton
207,2016,2016-04-30,CLE,OAK,2016,4,100,0,CookCo00,Connor Cook
208,2016,2016-04-30,CHI,LA,2016,4,117,0,CoopPh00,Pharoh Cooper
208,2016,2016-04-30,CHI,LA,2016,6,206,0,ThomMi04,Mike Thomas
208,2016,2016-04-30,LA,CHI,2016,4,113,0,KwiaNi00,Nick Kwiatkoski
209,2016,2016-04-30,NO,WAS,2016,5,152,0,IoanMa01,Matthew Ioannidis
209,2016,2016-04-30,NO,WAS,2017,5,154,0,SpriJe00,Jeremy Sprinkle
209,2016,2016-04-30,WAS,NO,2016,4,120,0,OnyeDa00,David Onyemata
210,2016,2016-04-30,WAS,NYJ,2016,5,158,0,ShelBr00,Brandon Shell
210,2016,2016-04-30,NYJ,WAS,2017,4,114,0,PeriSa00,Samaje Perine
211,2016,2016-04-30,TEN,DEN,2016,6,176,0,JanoAn00,Andy Janovich
211,2016,2016-04-30,TEN,DEN,2017,6,203,0,HendDe01,De'Angelo Henderson
211,2016,2016-04-30,DEN,TEN,2016,5,157,0,SimsLe00,LeShaun Sims
211,2016,2016-04-30,DEN,TEN,2016,7,253,0,ReedKa00,Kalan Reed
212,2016,2016-04-30,NE,MIA,2016,6,196,0,CounBl00,Blake Countess
212,2016,2016-04-30,NE,MIA,2016,6,204,0,LucaJo00,Jordan Lucas
212,2016,2016-04-30,NE,MIA,2016,7,250,0,WrigSc00,Scooby Wright
212,2016,2016-04-30,MIA,NE,2016,5,147,0,JeffQu00,Quinton Jefferson
213,2016,2016-04-30,MIN,PHI,2016,6,196,0,CounBl00,Blake Countess
213,2016,2016-04-30,MIN,PHI,2016,7,240,0,McCaAl00,Alex McCalister
213,2016,2016-04-30,PHI,MIN,2016,6,188,0,MorgDa01,David Morgan
214,2016,2016-04-30,MIA,MIN,2016,6,196,0,CounBl00,Blake Countess
214,2016,2016-04-30,MIA,MIN,2016,7,227,0,WeatSt00,Stephen Weatherly
214,2016,2016-04-30,MIN,MIA,2016,6,186,0,GranJa00,Jakeem Grant
215,2016,2016-04-30,SEA,NE,2016,7,225,0,LuciDe00,Devin Lucien
215,2016,2016-04-30,SEA,NE,2017,4,131,0,WiseDe00,Deatrich Wise
215,2016,2016-04-30,NE,SEA,2016,5,147,0,JeffQu00,Quinton Jefferson
215,2016,2016-04-30,NE,SEA,2016,7,243,0,LawlKe00,Kenny Lawler
216,2016,2016-04-30,MIA,CLE,2016,7,249,0,IworPr00,Prince Charles Iworah
216,2016,2016-04-30,MIA,CLE,,,,,TaylJa01,Jamar Taylor
216,2016,2016-04-30,CLE,MIA,2016,7,222,0,WallAa00,Aaron Wallace
217,2016,2016-08-25,NE,CLE,2017,5,175,0,YancDe00,DeAngelo Yancey
217,2016,2016-08-25,CLE,NE,,,,,MingBa00,Barkevious Mingo
218,2016,2016-08-29,CLE,CAR,,,,,LeexAn20,Andy Lee
218,2016,2016-08-29,CLE,CAR,2017,7,233,0,ButkHa00,Harrison Butker
218,2016,2016-08-29,CAR,CLE,,,,,RedfKa00,Kasey Redfern
218,2016,2016-08-29,CAR,CLE,2018,4,123,0,SmytDu00,Durham Smythe
219,2016,2016-08-30,NO,MIA,2017,7,,1,,
219,2016,2016-08-30,MIA,NO,,,,,McCaCh00,Chris McCain
220,2016,2016-09-03,MIN,PHI,2018,4,130,0,SweaJo00,Josh Sweat
220,2016,2016-09-03,MIN,PHI,2017,1,14,0,BarnDe01,Derek Barnett
220,2016,2016-09-03,PHI,MIN,,,,,BradSa00,Sam Bradford
221,2016,2016-09-03,SEA,OAK,2017,7,244,0,HestTr00,Treyvon Hester
221,2016,2016-09-03,OAK,SEA,,,,,McDoDe01,Dewey McDonald
222,2016,2016-10-25,NE,DEN,2017,5,163,0,MilaMa00,Matt Milano
222,2016,2016-10-25,DEN,NE,,,,,DerbA.00,AJ Derby
223,2016,2016-10-25,DET,NE,,,,,VanNKy00,Kyle Van Noy
223,2016,2016-10-25,DET,NE,2017,7,239,0,BrowNo00,Noah Brown
223,2016,2016-10-25,NE,DET,2017,6,215,0,KaayBr00,Brad Kaaya
224,2016,2016-10-31,CLE,NE,2017,3,96,0,GollKe00,Kenny Golladay
224,2016,2016-10-31,NE,CLE,,,,,CollJa00,Jamie Collins
225,2017,2017-03-09,HOU,CLE,,,,,OsweBr00,Brock Osweiler
225,2017,2017-03-09,HOU,CLE,2017,6,188,0,McGuEl00,Elijah McGuire
225,2017,2017-03-09,HOU,CLE,2018,2,35,0,ChubNi00,Nick Chubb
225,2017,2017-03-09,CLE,HOU,2017,4,142,0,WatkCa00,Carlos Watkins
226,2017,2017-03-09,IND,NE,,,,,AlleDw00,Dwayne Allen
226,2017,2017-03-09,IND,NE,2017,6,200,0,BisnAd00,Adam Bisnowaty
226,2017,2017-03-09,NE,IND,2017,4,137,0,BannZa00,Zach Banner
227,2017,2017-03-09,LA,MIA,,,,,HayeWi99,William Hayes
227,2017,2017-03-09,LA,MIA,2017,7,223,0,TuikSt00,Stevie Tu'ikolovatu
227,2017,2017-03-09,MIA,LA,2017,6,206,0,RogeSa00,Sam Rogers
228,2017,2017-03-09,MIA,JAX,2017,7,240,0,WillMa09,Marquez Williams
228,2017,2017-03-09,JAX,MIA,,,,,ThomJu00,Julius Thomas
229,2017,2017-03-10,CAR,NE,,,,,EalyKo00,Kony Ealy
229,2017,2017-03-10,CAR,NE,2017,3,72,0,TaylTa00,Taywan Taylor
229,2017,2017-03-10,NE,CAR,2017,2,64,0,MotoTa00,Taylor Moton
230,2017,2017-03-10,NO,NE,,,,,CookBr00,Brandin Cooks
230,2017,2017-03-10,NO,NE,2017,4,118,0,HollMa00,Mack Hollins
230,2017,2017-03-10,NE,NO,2017,1,32,0,RamcRy00,Ryan Ramczyk
230,2017,2017-03-10,NE,NO,2017,3,103,0,HendTr00,Trey Hendrickson
231,2017,2017-04-27,SF,CHI,2017,1,2,0,TrubMi00,Mitchell Trubisky
231,2017,2017-04-27,CHI,SF,2017,1,3,0,ThomSo00,Solomon Thomas
231,2017,2017-04-27,CHI,SF,2017,3,67,0,KamaAl00,Alvin Kamara
231,2017,2017-04-27,CHI,SF,2017,4,111,0,ThomTe00,Tedric Thompson
231,2017,2017-04-27,CHI,SF,2018,3,70,0,WarnFr00,Fred Warner
232,2017,2017-04-27,BUF,KC,2017,1,10,0,MahoPa00,Patrick Mahomes
232,2017,2017-04-27,KC,BUF,2017,1,27,0,WhitTr01,Tre'Davious White
232,2017,2017-04-27,KC,BUF,2017,3,91,0,JohnJo10,John Johnson
232,2017,2017-04-27,KC,BUF,2018,1,22,0,EvanRa01,Rashaan Evans
233,2017,2017-04-27,CLE,HOU,2017,1,12,0,WatsDe00,Deshaun Watson
233,2017,2017-04-27,HOU,CLE,2017,1,25,0,PeppJa00,Jabrill Peppers
233,2017,2017-04-27,HOU,CLE,2018,1,4,0,WardDe02,Denzel Ward
234,2017,2017-04-27,SEA,ATL,2017,1,26,0,McKiTa00,Takkarist McKinley
234,2017,2017-04-27,ATL,SEA,2017,1,31,0,FostRe00,Reuben Foster
234,2017,2017-04-27,ATL,SEA,2017,3,95,0,HillDe02,Delano Hill
234,2017,2017-04-27,ATL,SEA,2017,7,249,0,CarsCh00,Chris Carson
235,2017,2017-04-27,GB,CLE,2017,1,29,0,NjokDa00,David Njoku
235,2017,2017-04-27,CLE,GB,2017,2,33,0,KingKe01,Kevin King
235,2017,2017-04-27,CLE,GB,2017,4,108,0,BiegVi00,Vince Biegel
236,2017,2017-04-27,SEA,SF,2017,1,31,0,FostRe00,Reuben Foster
236,2017,2017-04-27,SF,SEA,2017,2,34,0,RobiCa00,Cam Robinson
236,2017,2017-04-27,SF,SEA,2017,4,111,0,ThomTe00,Tedric Thompson
237,2017,2017-04-28,SEA,JAX,2017,2,34,0,RobiCa00,Cam Robinson
237,2017,2017-04-28,JAX,SEA,2017,2,35,0,McDoMa00,Malik McDowell
237,2017,2017-04-28,JAX,SEA,2017,6,187,0,TysoMi00,Michael Tyson
238,2017,2017-04-28,CHI,ARI,2017,2,36,0,BakeBu00,Budda Baker
238,2017,2017-04-28,ARI,CHI,2017,2,45,0,ShahAd00,Adam Shaheen
238,2017,2017-04-28,ARI,CHI,2017,4,119,0,CoheTa00,Tarik Cohen
238,2017,2017-04-28,ARI,CHI,2017,6,197,0,ClarJe04,Jeremy Clark
238,2017,2017-04-28,ARI,CHI,2018,4,115,0,IyieJo00,Joel Iyiegbuniwe
239,2017,2017-04-28,LA,BUF,2017,2,37,0,JoneZa00,Zay Jones
239,2017,2017-04-28,LA,BUF,2017,5,149,0,KazeDa00,Damontae Kazee
239,2017,2017-04-28,BUF,LA,2017,2,44,0,EverGe00,Gerald Everett
239,2017,2017-04-28,BUF,LA,2017,3,91,0,JohnJo10,John Johnson
240,2017,2017-04-28,CIN,MIN,2017,2,41,0,CookDa01,Dalvin Cook
240,2017,2017-04-28,MIN,CIN,2017,2,48,0,MixoJo00,Joe Mixon
240,2017,2017-04-28,MIN,CIN,2017,4,128,0,MaloJo00,Josh Malone
241,2017,2017-04-28,ATL,BUF,2017,2,63,0,DawkDi00,Dion Dawkins
241,2017,2017-04-28,BUF,ATL,2017,3,75,0,RileDu00,Duke Riley
241,2017,2017-04-28,BUF,ATL,2017,5,149,0,KazeDa00,Damontae Kazee
241,2017,2017-04-28,BUF,ATL,2017,5,156,0,HillBr02,Brian Hill
242,2017,2017-04-28,SF,NO,2017,3,67,0,KamaAl00,Alvin Kamara
242,2017,2017-04-28,NO,SF,2017,7,229,0,ColbAd00,Adrian Colbert
242,2017,2017-04-28,NO,SF,2018,2,59,0,GuicDe00,Derrius Guice
243,2017,2017-04-28,NYJ,MIN,2017,3,70,0,ElflPa00,Pat Elflein
243,2017,2017-04-28,MIN,NYJ,2017,3,79,0,StewAr00,ArDarius Stewart
243,2017,2017-04-28,MIN,NYJ,2017,5,160,0,JohnRo06,Roderick Johnson
244,2017,2017-04-28,NE,TEN,2017,3,72,0,TaylTa00,Taywan Taylor
244,2017,2017-04-28,NE,TEN,2017,6,200,0,BisnAd00,Adam Bisnowaty
244,2017,2017-04-28,TEN,NE,2017,3,83,0,RiveDe00,Derek Rivers
244,2017,2017-04-28,TEN,NE,2017,4,124,0,ReevJa00,Jalen Reeves-Maybin
245,2017,2017-04-28,ARI,CAR,2017,3,77,0,HallDa01,Daeshon Hall
245,2017,2017-04-28,CAR,ARI,2017,3,98,0,WillCh05,Chad Williams
245,2017,2017-04-28,CAR,ARI,2017,4,115,0,JohnDo03,Dorian Johnson
246,2017,2017-04-28,DET,NE,2017,3,85,0,GarcAn00,Antonio Garcia
246,2017,2017-04-28,NE,DET,2017,3,96,0,GollKe00,Kenny Golladay
246,2017,2017-04-28,NE,DET,2017,4,124,0,ReevJa00,Jalen Reeves-Maybin
247,2017,2017-04-28,MIN,KC,2017,3,86,0,HuntKa00,Kareem Hunt
247,2017,2017-04-28,KC,MIN,2017,3,104,0,BeatC.00,C.J. Beathard
247,2017,2017-04-28,KC,MIN,2017,4,132,0,PumpDo00,Donnel Pumphrey
247,2017,2017-04-28,KC,MIN,2017,7,245,0,TochJa00,Jack Tocho
248,2017,2017-04-28,MIN,SF,2017,3,104,0,BeatC.00,C.J. Beathard
248,2017,2017-04-28,SF,MIN,2017,4,109,0,JohnJa09,Jaleel Johnson
248,2017,2017-04-28,SF,MIN,2017,7,219,0,ColeSt00,Stacy Coley
249,2017,2017-04-28,NYJ,TB,2017,3,107,0,BeckKe00,Kendell Beckwith
249,2017,2017-04-28,TB,NYJ,2017,4,125,0,EbukSa00,Samson Ebukam
249,2017,2017-04-28,TB,NYJ,2017,6,204,0,JoneDe02,Derrick Jones
250,2017,2017-04-28,KC,NE,2017,6,216,0,WhitMa03,Marquez White
250,2017,2017-04-28,KC,NE,,,,,O'ShJa00,James O'Shaughnessy
250,2017,2017-04-28,NE,KC,2017,5,183,0,EligUk00,Ukeme Eligwe
251,2017,2017-04-29,LA,CHI,2017,4,112,0,JackEd01,Eddie Jackson
251,2017,2017-04-29,CHI,LA,2017,4,117,0,ReynJo00,Josh Reynolds
251,2017,2017-04-29,CHI,LA,2017,6,197,0,ClarJe04,Jeremy Clark
252,2017,2017-04-29,IND,SF,2017,4,121,0,WillJo12,Joe Williams
252,2017,2017-04-29,SF,IND,2017,4,143,0,MackMa00,Marlon Mack
252,2017,2017-04-29,SF,IND,2017,5,161,0,WalkAn01,Anthony Walker
253,2017,2017-04-29,NYJ,LA,2017,4,125,0,EbukSa00,Samson Ebukam
253,2017,2017-04-29,LA,NYJ,2017,4,141,0,HansCh00,Chad Hansen
253,2017,2017-04-29,LA,NYJ,2017,6,197,0,ClarJe04,Jeremy Clark
254,2017,2017-04-29,DEN,CLE,2017,4,126,0,WilsHo00,Howard Wilson
254,2017,2017-04-29,DEN,CLE,2017,7,252,0,DayeMa00,Matthew Dayes
254,2017,2017-04-29,CLE,DEN,2017,5,145,0,ButtJa00,Jake Butt
254,2017,2017-04-29,CLE,DEN,2017,5,175,0,YancDe00,DeAngelo Yancey
255,2017,2017-04-29,MIN,PHI,2017,4,132,0,PumpDo00,Donnel Pumphrey
255,2017,2017-04-29,PHI,MIN,2017,4,139,0,ChesJe00,Jehu Chesson
255,2017,2017-04-29,PHI,MIN,2017,7,230,0,HarvJo01,Josh Harvey-Clemons
256,2017,2017-04-29,MIN,KC,2017,4,139,0,ChesJe00,Jehu Chesson
256,2017,2017-04-29,KC,MIN,2017,5,170,0,AdamRo01,Rodney Adams
256,2017,2017-04-29,KC,MIN,2017,5,180,0,IsidDa00,Danny Isidora
257,2017,2017-04-29,PHI,TEN,2017,5,155,0,BrowJa06,Jayon Brown
257,2017,2017-04-29,TEN,PHI,2017,5,164,0,AsiaIs00,Isaac Asiata
257,2017,2017-04-29,TEN,PHI,2017,6,214,0,QualEl00,Elijah Qualls
258,2017,2017-04-29,NYJ,CLE,2017,5,160,0,JohnRo06,Roderick Johnson
258,2017,2017-04-29,NYJ,CLE,2017,7,224,0,GonzZa00,Zane Gonzalez
258,2017,2017-04-29,CLE,NYJ,2017,5,181,0,DonaDy00,Dylan Donahue
258,2017,2017-04-29,CLE,NYJ,2017,6,188,0,McGuEl00,Elijah McGuire
259,2017,2017-04-29,PHI,MIA,2017,5,164,0,AsiaIs00,Isaac Asiata
259,2017,2017-04-29,PHI,MIA,2017,6,194,0,TaylVi00,Vincent Taylor
259,2017,2017-04-29,MIA,PHI,2017,5,166,0,GibsSh00,Shelton Gibson
259,2017,2017-04-29,MIA,PHI,2017,5,184,0,GerrNa00,Nathan Gerry
260,2017,2017-04-29,GB,DEN,2017,5,172,0,McKeIs00,Isaiah McKenzie
260,2017,2017-04-29,DEN,GB,2017,5,175,0,YancDe00,DeAngelo Yancey
260,2017,2017-04-29,DEN,GB,2017,7,238,0,MaysDe00,Devante Mays
261,2017,2017-04-29,DEN,SF,,,,,BibbKa00,Kapri Bibbs
261,2017,2017-04-29,DEN,SF,2017,5,177,0,TaylTr02,Trent Taylor
261,2017,2017-04-29,SF,DEN,2018,4,109,0,ApkeTr00,Troy Apke
262,2017,2017-04-29,NYJ,DAL,2017,6,191,0,WoodXa00,Xavier Woods
262,2017,2017-04-29,DAL,NYJ,2018,5,157,0,ConkTy00,Tyler Conklin
263,2017,2017-04-29,MIN,WAS,2017,6,199,0,RoulCh00,Chase Roullier
263,2017,2017-04-29,MIN,WAS,2017,7,230,0,HarvJo01,Josh Harvey-Clemons
263,2017,2017-04-29,WAS,MIN,2017,6,201,0,HodgBu00,Bucky Hodges
263,2017,2017-04-29,WAS,MIN,2017,7,220,0,OdenIf00,Ifeadi Odenigbo
264,2017,2017-04-29,TEN,NYG,2017,6,200,0,BisnAd00,Adam Bisnowaty
264,2017,2017-04-29,NYG,TEN,2017,6,207,0,WilsBr01,Brandon Wilson
264,2017,2017-04-29,NYG,TEN,2017,7,241,0,MuhaKh00,Khalfani Muhammad
265,2017,2017-04-29,TEN,CIN,2017,6,207,0,WilsBr01,Brandon Wilson
265,2017,2017-04-29,CIN,TEN,2017,6,217,0,LeviCo00,Corey Levin
265,2017,2017-04-29,CIN,TEN,2017,7,227,0,CarrJo00,Josh Carraway
266,2017,2017-04-29,OAK,ARI,2017,6,208,0,FordRu00,Rudy Ford
266,2017,2017-04-29,ARI,OAK,2017,7,221,0,LuanSh00,Shalom Luani
266,2017,2017-04-29,ARI,OAK,2017,7,231,0,WareJy00,Jylan Ware
267,2017,2017-04-29,DAL,NE,2017,6,211,0,McDeCo00,Conor McDermott
267,2017,2017-04-29,NE,DAL,2017,6,216,0,WhitMa03,Marquez White
267,2017,2017-04-29,NE,DAL,2017,7,239,0,BrowNo00,Noah Brown
268,2017,2017-04-29,MIA,TB,2017,7,223,0,TuikSt00,Stevie Tu'ikolovatu
268,2017,2017-04-29,TB,MIA,2017,7,237,0,FordIs00,Isaiah Ford
268,2017,2017-04-29,TB,MIA,2018,7,223,0,TaylJu00,Jullian Taylor
269,2017,2017-06-15,DET,LA,2018,6,194,0,GageRu00,Russell Gage
269,2017,2017-06-15,LA,DET,,,,,RobiGr01,Greg Robinson
270,2017,2017-08-11,PHI,BUF,,,,,MattJo00,Jordan Matthews
270,2017,2017-08-11,PHI,BUF,2018,3,96,0,PhilHa00,Harrison Phillips
270,2017,2017-08-11,BUF,PHI,,,,,DarbRo00,Ronald Darby
271,2017,2017-08-11,BUF,LA,,,,,WatkSa00,Sammy Watkins
271,2017,2017-08-11,BUF,LA,2018,6,195,0,JoseSe00,Sebastian Joseph
271,2017,2017-08-11,LA,BUF,,,,,GainE.00,EJ Gaines
271,2017,2017-08-11,LA,BUF,2018,2,56,0,DawsDu00,Duke Dawson
272,2017,2017-08-22,PHI,SEA,,,,,TobiMa00,Matt Tobin
272,2017,2017-08-22,PHI,SEA,2018,7,250,0,IzzoRy00,Ryan Izzo
272,2017,2017-08-22,SEA,PHI,2018,5,156,0,FumaTr00,Troy Fumagalli
273,2017,2017-08-29,NE,CIN,2018,7,249,0,WoodLo00,Logan Woodside
273,2017,2017-08-29,CIN,NE,,,,,FlowMa00,Marquis Flowers
274,2017,2017-08-30,KC,CLE,2018,5,159,0,FounDa00,Daurice Fountain
274,2017,2017-08-30,CLE,KC,,,,,ErviCa00,Cam Erving
275,2017,2017-09-01,SEA,NYJ,,,,,KearJe01,Jermaine Kearse
275,2017,2017-09-01,SEA,NYJ,2018,2,49,0,GoedDa00,Dallas Goedert
275,2017,2017-09-01,SEA,NYJ,2018,7,235,0,FranZa00,Zaire Franklin
275,2017,2017-09-01,NYJ,SEA,,,,,RichSh00,Sheldon Richardson
275,2017,2017-09-01,NYJ,SEA,2018,7,226,0,WillDa010,David Williams
276,2017,2017-09-01,ATL,DEN,2018,5,163,0,SettTi00,Tim Settle
276,2017,2017-09-01,DEN,ATL,,,,,SambTy00,Ty Sambrailo
277,2017,2017-09-01,BAL,ARI,2018,7,238,0,SielZa00,Zach Sieler
277,2017,2017-09-01,ARI,BAL,,,,,BergTo00,Tony Bergstrom
278,2017,2017-09-02,SEA,KC,2018,,,1,,
278,2017,2017-09-02,KC,SEA,,,,,BattIs00,Isaiah Battle
279,2017,2017-09-02,NE,SEA,2018,5,168,0,JoneJa08,Jamarco Jones
279,2017,2017-09-02,SEA,NE,,,,,MarsCa00,Cassius Marsh
280,2017,2017-09-02,CLE,PIT,2018,6,202,0,CichJa00,Jack Cichy
280,2017,2017-09-02,PIT,CLE,,,,,CoatSa00,Sammie Coates
280,2017,2017-09-02,PIT,CLE,2019,7,234,0,GaskMy00,Myles Gaskin
281,2017,2017-09-02,NYG,PIT,2018,7,220,1,McGoAl00,Alex McGough
281,2017,2017-09-02,PIT,NYG,,,,,CockRo00,Ross Cockrell
282,2017,2017-09-02,LA,WAS,2018,7,241,0,StroGr00,Greg Stroman
282,2017,2017-09-02,WAS,LA,,,,,CarrDe00,Derek Carrier
283,2017,2017-10-26,CHI,LAC,2018,,,1,,
283,2017,2017-10-26,LAC,CHI,,,,,InmaDo00,Dontrelle Inman
284,2017,2017-10-28,JAX,BUF,2018,5,166,0,TellWy00,Wyatt Teller
284,2017,2017-10-28,BUF,JAX,,,,,DareMa00,Marcell Dareus
285,2017,2017-10-31,SF,NE,2018,2,43,0,JohnKe06,Kerryon Johnson
285,2017,2017-10-31,NE,SF,,,,,GaroJi00,Jimmy Garoppolo
286,2017,2017-10-31,BUF,CAR,2018,3,85,0,GaulRa00,Rashaan Gaulden
286,2017,2017-10-31,BUF,CAR,2018,7,234,0,SmitAn04,Andre Smith
286,2017,2017-10-31,CAR,BUF,,,,,BenjKe00,Kelvin Benjamin
287,2017,2017-10-31,PHI,MIA,2018,4,131,0,BallKa00,Kalen Ballage
287,2017,2017-10-31,MIA,PHI,,,,,AjayJa00,Jay Ajayi
288,2017,2017-10-31,HOU,SEA,,,,,BrowDu20,Duane Brown
288,2017,2017-10-31,HOU,SEA,2018,5,141,0,GrifSh01,Shaquem Griffin
288,2017,2017-10-31,SEA,HOU,2018,3,80,0,RankMa00,Martinas Rankin
288,2017,2017-10-31,SEA,HOU,2019,2,54,0,JohnLo01,Lonnie Johnson
289,2017,2017-10-31,NYJ,SF,2018,5,143,0,BentJa00,Ja'Whaun Bentley
289,2017,2017-10-31,SF,NYJ,,,,,RobiRa00,Rashard Robinson
290,2018,2018-03-14,BUF,CIN,,,,,GlenCo00,Cordy Glenn
290,2018,2018-03-14,BUF,CIN,2018,1,21,0,PricBi01,Billy Price
290,2018,2018-03-14,BUF,CIN,2018,5,158,0,BrowAn05,Andrew Brown
290,2018,2018-03-14,CIN,BUF,2018,1,12,0,VeaxVi00,Vita Vea
290,2018,2018-03-14,CIN,BUF,2018,6,187,0,McClRa00,Ray-Ray McCloud
291,2018,2018-03-14,CLE,BUF,2018,3,65,0,ParkBr01,Brandon Parker
291,2018,2018-03-14,BUF,CLE,,,,,TaylTy00,Tyrod Taylor
292,2018,2018-03-14,WAS,KC,,,,,FullKe00,Kendall Fuller
292,2018,2018-03-14,WAS,KC,2018,3,78,0,JeffMa00,Malik Jefferson
292,2018,2018-03-14,KC,WAS,,,,,SmitAl03,Alex Smith
293,2018,2018-03-14,CLE,MIA,2018,4,101,0,ThomIa00,Ian Thomas
293,2018,2018-03-14,CLE,MIA,2019,7,234,0,GaskMy00,Myles Gaskin
293,2018,2018-03-14,MIA,CLE,,,,,LandJa00,Jarvis Landry
294,2018,2018-03-14,GB,CLE,,,,,RandDa00,Damarious Randall
294,2018,2018-03-14,GB,CLE,2018,4,114,0,HDa00,Da'Shawn Hand
294,2018,2018-03-14,GB,CLE,2018,5,150,0,AverGe00,Genard Avery
294,2018,2018-03-14,CLE,GB,,,,,KizeDe00,DeShone Kizer
294,2018,2018-03-14,CLE,GB,2018,4,101,0,ThomIa00,Ian Thomas
294,2018,2018-03-14,CLE,GB,2018,5,138,0,MadiCo01,Cole Madison
295,2018,2018-03-14,NYG,LA,2018,4,135,0,FranJo02,John Franklin-Myers
295,2018,2018-03-14,NYG,LA,2018,6,176,0,KellJo00,John Kelly
295,2018,2018-03-14,LA,NYG,,,,,OgleAl00,Alec Ogletree
295,2018,2018-03-14,LA,NYG,2019,7,245,0,SlayCh00,Chris Slayton
296,2018,2018-03-14,CLE,NE,,,,,ShelDa01,Danny Shelton
296,2018,2018-03-14,CLE,NE,2018,5,159,0,FounDa00,Daurice Fountain
296,2018,2018-03-14,NE,CLE,2019,3,95,0,XimiOs00,Oshane Ximines
297,2018,2018-03-14,LA,DEN,2018,5,160,0,OkorOg00,Ogbonnia Okoronkwo
297,2018,2018-03-14,DEN,LA,,,,,TaliAq99,Aqib Talib
298,2018,2018-03-14,KC,LA,,,,,PeteMa00,Marcus Peters
298,2018,2018-03-14,KC,LA,2018,6,209,0,ArmsCo00,Cornell Armstrong
298,2018,2018-03-14,LA,KC,2018,4,124,0,WattAr00,Armani Watts
298,2018,2018-03-14,LA,KC,2019,2,63,0,ThorJu00,Juan Thornhill
299,2018,2018-03-14,LA,MIA,,,,,QuinRo00,Robert Quinn
299,2018,2018-03-14,LA,MIA,2018,6,209,0,ArmsCo00,Cornell Armstrong
299,2018,2018-03-14,MIA,LA,2018,4,111,0,AlleBr02,Brian Allen
299,2018,2018-03-14,MIA,LA,2018,6,183,0,JoneSa00,Sam Jones
300,2018,2018-03-14,DEN,MIN,,,,,SiemTr00,Trevor Siemian
300,2018,2018-03-14,DEN,MIN,2018,7,225,0,DownDe00,Devante Downs
300,2018,2018-03-14,MIN,DEN,2019,5,156,0,HollJu00,Justin Hollins
301,2018,2018-03-14,SEA,PHI,,,,,BennMi99,Michael Bennett
301,2018,2018-03-14,SEA,PHI,2018,7,250,0,IzzoRy00,Ryan Izzo
301,2018,2018-03-14,PHI,SEA,,,,,JohnMa07,Marcus Johnson
301,2018,2018-03-14,PHI,SEA,2018,5,156,0,FumaTr00,Troy Fumagalli
302,2018,2018-03-15,CLE,NE,,,,,McCoJa99,Jason McCourty
302,2018,2018-03-15,CLE,NE,2018,7,219,0,EtliDa00,Danny Etling
302,2018,2018-03-15,NE,CLE,2018,6,205,0,YounTr00,Trevon Young
303,2018,2018-03-17,IND,NYJ,2018,1,3,0,DarnSa00,Sam Darnold
303,2018,2018-03-17,NYJ,IND,2018,1,6,0,NelsQu00,Quenton Nelson
303,2018,2018-03-17,NYJ,IND,2018,2,37,0,SmitBr06,Braden Smith
303,2018,2018-03-17,NYJ,IND,2018,2,49,0,GoedDa00,Dallas Goedert
303,2018,2018-03-17,NYJ,IND,2019,2,34,0,Ya-SRo00,Rock Ya-Sin
304,2018,2018-03-18,OAK,NE,,,,,PattCo00,Cordarrelle Patterson
304,2018,2018-03-18,OAK,NE,2018,6,210,0,BerrBr00,Braxton Berrios
304,2018,2018-03-18,NE,OAK,2018,5,159,0,FounDa00,Daurice Fountain
305,2018,2018-03-22,NYG,TB,,,,,PierJa99,Jason Pierre-Paul
305,2018,2018-03-22,NYG,TB,2018,4,102,0,HolmJa01,Jalyn Holmes
305,2018,2018-03-22,TB,NYG,2018,4,108,0,LaulKy00,Kyle Lauletta
305,2018,2018-03-22,TB,NYG,2018,3,69,0,HillB.00,B.J. Hill
306,2018,2018-03-29,WAS,DEN,,,,,CravSu00,Su'a Cravens
306,2018,2018-03-29,WAS,DEN,2018,4,113,0,HamiDa01,DaeSean Hamilton
306,2018,2018-03-29,WAS,DEN,2018,5,149,0,DickMi00,Michael Dickson
306,2018,2018-03-29,DEN,WAS,2018,4,109,0,ApkeTr00,Troy Apke
306,2018,2018-03-29,DEN,WAS,2018,5,142,0,ReedD.00,D.J. Reed
306,2018,2018-03-29,DEN,WAS,2018,5,163,0,SettTi00,Tim Settle
306,2018,2018-03-29,DEN,WAS,2020,7,,1,,
307,2018,2018-04-04,NE,LA,,,,,CookBr00,Brandin Cooks
307,2018,2018-04-04,NE,LA,2018,4,136,0,HaynMa01,Marquis Haynes
307,2018,2018-04-04,LA,NE,2018,1,23,0,WynnIs00,Isaiah Wynn
307,2018,2018-04-04,LA,NE,2018,6,198,0,McKeKa00,Kahlil McKenzie
308,2018,2018-04-26,TB,BUF,2018,1,7,0,AlleJo02,Josh Allen
308,2018,2018-04-26,BUF,TB,2018,1,12,0,VeaxVi00,Vita Vea
308,2018,2018-04-26,BUF,TB,2018,2,53,0,StewM.00,M.J. Stewart
308,2018,2018-04-26,BUF,TB,2018,2,56,0,DawsDu00,Duke Dawson
309,2018,2018-04-26,OAK,ARI,2018,1,10,0,RoseJo01,Josh Rosen
309,2018,2018-04-26,ARI,OAK,2018,1,15,0,MillKo00,Kolton Miller
309,2018,2018-04-26,ARI,OAK,2018,3,79,0,GreeRa01,Rasheem Green
309,2018,2018-04-26,ARI,OAK,2018,5,152,0,CruiDa00,Dane Cruikshank
310,2018,2018-04-26,GB,NO,2018,1,14,0,DaveMa00,Marcus Davenport
310,2018,2018-04-26,NO,GB,2018,1,27,0,PennRa00,Rashaad Penny
310,2018,2018-04-26,NO,GB,2018,5,147,0,KiseMi00,Micah Kiser
310,2018,2018-04-26,NO,GB,2019,1,30,0,BakeDe00,Deandre Baker
311,2018,2018-04-26,BAL,BUF,2018,1,16,0,EdmuTr01,Tremaine Edmunds
311,2018,2018-04-26,BUF,BAL,2018,1,22,0,EvanRa01,Rashaan Evans
311,2018,2018-04-26,BUF,BAL,2018,3,65,0,ParkBr01,Brandon Parker
311,2018,2018-04-26,BUF,BAL,2018,5,154,0,NealSi00,Siran Neal
312,2018,2018-04-26,SEA,GB,2018,1,18,0,AlexJa00,Jaire Alexander
312,2018,2018-04-26,SEA,GB,2018,7,248,0,DonnKe00,Kendall Donnerson
312,2018,2018-04-26,GB,SEA,2018,1,27,0,PennRa00,Rashaad Penny
312,2018,2018-04-26,GB,SEA,2018,3,76,0,RudoMa00,Mason Rudolph
312,2018,2018-04-26,GB,SEA,2018,6,186,0,MartJa02,Jacob Martin
313,2018,2018-04-26,BAL,TEN,2018,1,22,0,EvanRa01,Rashaan Evans
313,2018,2018-04-26,BAL,TEN,2018,6,215,0,BozeBr00,Bradley Bozeman
313,2018,2018-04-26,TEN,BAL,2018,1,25,0,HursHa00,Hayden Hurst
313,2018,2018-04-26,TEN,BAL,2018,4,125,0,MaddAv00,Avonte Maddox
314,2018,2018-04-26,PHI,BAL,2018,1,32,0,JackLa00,Lamar Jackson
314,2018,2018-04-26,PHI,BAL,2018,4,132,0,ScotJa02,Jaleel Scott
314,2018,2018-04-26,BAL,PHI,2018,2,52,0,TuraKe00,Kemoko Turay
314,2018,2018-04-26,BAL,PHI,2018,4,125,0,MaddAv00,Avonte Maddox
314,2018,2018-04-26,BAL,PHI,2019,2,53,0,SandMi01,Miles Sanders
315,2018,2018-04-26,OAK,PIT,2018,3,79,0,GreeRa01,Rasheem Green
315,2018,2018-04-26,PIT,OAK,,,,,BryaMa00,Martavis Bryant
316,2018,2018-04-27,OAK,TEN,2018,2,41,0,LandHa00,Harold Landry
316,2018,2018-04-27,TEN,OAK,2018,2,57,0,HallP.00,P.J. Hall
316,2018,2018-04-27,TEN,OAK,2018,3,89,0,NoteJo00,Joseph Noteboom
317,2018,2018-04-27,NE,DET,2018,2,43,0,JohnKe06,Kerryon Johnson
317,2018,2018-04-27,DET,NE,2018,2,51,0,MillAn02,Anthony Miller
317,2018,2018-04-27,DET,NE,2018,4,117,0,WhitJo03,Jordan Whitehead
318,2018,2018-04-27,WAS,SF,2018,2,44,0,PettDa00,Dante Pettis
318,2018,2018-04-27,WAS,SF,2018,5,142,0,ReedD.00,D.J. Reed
318,2018,2018-04-27,SF,WAS,2018,2,59,0,GuicDe00,Derrius Guice
318,2018,2018-04-27,SF,WAS,2018,3,74,0,ChriGe01,Geron Christian
319,2018,2018-04-27,CIN,KC,2018,2,46,0,SpeaBr00,Breeland Speaks
319,2018,2018-04-27,CIN,KC,2018,3,100,0,ODanDo00,Dorian O'Daniel
319,2018,2018-04-27,KC,CIN,2018,2,54,0,BateJe00,Jessie Bates
319,2018,2018-04-27,KC,CIN,2018,3,78,0,JeffMa00,Malik Jefferson
320,2018,2018-04-27,IND,PHI,2018,2,49,0,GoedDa00,Dallas Goedert
320,2018,2018-04-27,PHI,IND,2018,2,52,0,TuraKe00,Kemoko Turay
320,2018,2018-04-27,PHI,IND,2018,5,169,0,WilkJo01,Jordan Wilkins
321,2018,2018-04-27,NE,CHI,2018,2,51,0,MillAn02,Anthony Miller
321,2018,2018-04-27,CHI,NE,2018,4,105,0,CallAn00,Antonio Callaway
321,2018,2018-04-27,CHI,NE,2019,2,56,0,HardMe00,Mecole Hardman
322,2018,2018-04-27,TB,NE,2018,2,56,0,DawsDu00,Duke Dawson
322,2018,2018-04-27,NE,TB,2018,2,63,0,DaviCa02,Carlton Davis
322,2018,2018-04-27,NE,TB,2018,4,117,0,WhitJo03,Jordan Whitehead
323,2018,2018-04-27,CLE,IND,2018,2,64,0,LewiTy00,Tyquan Lewis
323,2018,2018-04-27,IND,CLE,2018,3,67,0,ThomCh06,Chad Thomas
323,2018,2018-04-27,IND,CLE,2018,6,178,0,SamxCh00,Christian Sam
324,2018,2018-04-27,BAL,OAK,2018,3,65,0,ParkBr01,Brandon Parker
324,2018,2018-04-27,OAK,BAL,2018,3,75,0,NnadDe00,Derrick Nnadi
324,2018,2018-04-27,OAK,BAL,2018,5,152,0,CruiDa00,Dane Cruikshank
324,2018,2018-04-27,OAK,BAL,2018,6,212,0,SenaGr00,Greg Senat
325,2018,2018-04-27,BAL,KC,2018,3,75,0,NnadDe00,Derrick Nnadi
325,2018,2018-04-27,KC,BAL,2018,3,86,0,AndrMa00,Mark Andrews
325,2018,2018-04-27,KC,BAL,2018,4,122,0,YounKe03,Kenny Young
326,2018,2018-04-27,SEA,PIT,2018,3,76,0,RudoMa00,Mason Rudolph
326,2018,2018-04-27,PIT,SEA,2018,3,79,0,GreeRa01,Rasheem Green
326,2018,2018-04-27,PIT,SEA,2018,7,220,0,McGoAl00,Alex McGough
327,2018,2018-04-27,LA,OAK,2018,3,87,0,KeyxAr00,Arden Key
327,2018,2018-04-27,OAK,LA,2018,3,89,0,NoteJo00,Joseph Noteboom
327,2018,2018-04-27,OAK,LA,2018,6,217,0,BierKe00,Keishawn Bierria
328,2018,2018-04-27,CAR,GB,2018,3,88,0,BurkOr00,Oren Burks
328,2018,2018-04-27,GB,CAR,2018,4,101,0,ThomIa00,Ian Thomas
328,2018,2018-04-27,GB,CAR,2018,5,147,0,KiseMi00,Micah Kiser
329,2018,2018-04-27,MIN,TB,2018,3,94,0,CappAl00,Alex Cappa
329,2018,2018-04-27,TB,MIN,2018,4,102,0,HolmJa01,Jalyn Holmes
329,2018,2018-04-27,TB,MIN,2018,6,180,0,FatuFo00,Folorunso Fatukasi
330,2018,2018-04-27,SF,NE,,,,,BrowTr02,Trenton Brown
330,2018,2018-04-27,SF,NE,2018,5,143,0,BentJa00,Ja'Whaun Bentley
330,2018,2018-04-27,NE,SF,2018,3,95,0,MoorTa00,Tarvarius Moore
331,2018,2018-04-28,NE,CLE,2018,4,105,0,CallAn00,Antonio Callaway
331,2018,2018-04-28,CLE,NE,2018,4,114,0,HandDa00,Da'Shawn Hand
331,2018,2018-04-28,CLE,NE,2018,6,178,0,SamxCh00,Christian Sam
332,2018,2018-04-28,NE,DET,2018,4,114,0,HandDa00,Da'Shawn Hand
332,2018,2018-04-28,DET,NE,2019,3,73,0,MontDa01,David Montgomery
333,2018,2018-04-28,LA,CAR,2018,4,136,0,HaynMa01,Marquis Haynes
333,2018,2018-04-28,CAR,LA,2018,5,147,0,KiseMi00,Micah Kiser
333,2018,2018-04-28,CAR,LA,2018,6,197,0,DionSh00,Shaun Dion Hamilton
334,2018,2018-04-28,IND,OAK,2018,5,140,0,HursMa00,Maurice Hurst
334,2018,2018-04-28,OAK,IND,2018,5,159,0,FounDa00,Daurice Fountain
334,2018,2018-04-28,OAK,IND,2018,6,185,0,CainDe00,Deon Cain
335,2018,2018-04-28,DEN,SEA,2018,5,149,0,DickMi00,Michael Dickson
335,2018,2018-04-28,SEA,DEN,2018,5,156,0,FumaTr00,Troy Fumagalli
335,2018,2018-04-28,SEA,DEN,2018,7,226,0,WillDa010,David Williams
336,2018,2018-04-28,BAL,TEN,2018,5,152,0,CruiDa00,Dane Cruikshank
336,2018,2018-04-28,TEN,BAL,2018,5,162,0,LaslJo00,Jordan Lasley
336,2018,2018-04-28,TEN,BAL,2018,6,215,0,BozeBr00,Bradley Bozeman
337,2018,2018-04-28,NYJ,MIN,2018,5,157,0,ConkTy00,Tyler Conklin
337,2018,2018-04-28,MIN,NYJ,2018,5,167,0,CarlDa00,Daniel Carlson
337,2018,2018-04-28,MIN,NYJ,2018,7,225,0,DownDe00,Devante Downs
338,2018,2018-04-28,DEN,LA,2018,5,160,0,OkorOg00,Ogbonnia Okoronkwo
338,2018,2018-04-28,LA,DEN,2018,6,183,0,JoneSa00,Sam Jones
338,2018,2018-04-28,LA,DEN,2018,6,217,0,BierKe00,Keishawn Bierria
339,2018,2018-04-28,NYJ,MIN,2018,5,167,0,CarlDa00,Daniel Carlson
339,2018,2018-04-28,NYJ,MIN,2018,7,225,0,DownDe00,Devante Downs
339,2018,2018-04-28,MIN,NYJ,2018,6,180,0,FatuFo00,Folorunso Fatukasi
339,2018,2018-04-28,MIN,NYJ,2018,6,204,0,CannTr00,Trenton Cannon
340,2018,2018-04-28,DAL,LA,2018,6,192,0,DembJa00,Jamil Demby
340,2018,2018-04-28,LA,DAL,,,,,AustTa00,Tavon Austin
341,2018,2018-04-28,LA,ATL,2018,6,194,0,GageRu00,Russell Gage
341,2018,2018-04-28,ATL,LA,2018,7,244,0,LawlJu00,Justin Lawler
341,2018,2018-04-28,ATL,LA,2018,7,256,0,QuinTr00,Trey Quinn
342,2018,2018-04-28,LA,WAS,2018,6,197,0,DionSh00,Shaun Dion Hamilton
342,2018,2018-04-28,LA,WAS,2018,7,256,0,QuinTr00,Trey Quinn
342,2018,2018-04-28,WAS,LA,2018,6,205,0,YounTr00,Trevon Young
342,2018,2018-04-28,WAS,LA,2018,7,231,0,HowaTr00,Travin Howard
343,2018,2018-04-28,NE,KC,2018,6,198,0,McKeKa00,Kahlil McKenzie
343,2018,2018-04-28,KC,NE,2018,7,233,0,MailJo00,Jordan Mailata
343,2018,2018-04-28,KC,NE,2018,7,243,0,CrosKe00,Keion Crossen
344,2018,2018-04-28,NE,PHI,2018,7,233,0,MailJo00,Jordan Mailata
344,2018,2018-04-28,PHI,NE,2018,7,250,0,IzzoRy00,Ryan Izzo
344,2018,2018-04-28,PHI,NE,2019,7,239,0,MitcDi00,Dillon Mitchell
345,2018,2018-04-28,NYJ,IND,2018,7,235,0,FranZa00,Zaire Franklin
345,2018,2018-04-28,IND,NYJ,,,,,AndeHe00,Henry Anderson
346,2018,2018-05-03,MIA,DET,2019,7,229,0,JohnPJ00,P.J. Johnson
346,2018,2018-05-03,DET,MIA,,,,,SpenAk00,Akeem Spence
347,2018,2018-05-22,OAK,NYJ,2019,7,,1,,
347,2018,2018-05-22,NYJ,OAK,,,,,HackCh01,Christian Hackenberg
348,2018,2018-08-27,OAK,PIT,,,,,SwitRy00,Ryan Switzer
348,2018,2018-08-27,OAK,PIT,2019,6,175,0,SmitSu00,Sutton Smith
348,2018,2018-08-27,PIT,OAK,2019,5,158,0,JackMi01,Michael Jackson
349,2018,2018-08-27,MIN,NYG,2019,7,232,0,AsafGe00,George Asafo-Adjei
349,2018,2018-08-27,NYG,MIN,,,,,JoneBr04,Brett Jones
350,2018,2018-08-28,TEN,BAL,2019,6,191,0,EppsMa00,Marcus Epps
350,2018,2018-08-28,BAL,TEN,,,,,CorrKa00,Kamalei Correa
351,2018,2018-08-29,NYJ,NO,,,,,BridTe00,Teddy Bridgewater
351,2018,2018-08-29,NYJ,NO,2019,6,177,0,HampSa00,Saquan Hampton
351,2018,2018-08-29,NO,NYJ,2019,3,93,0,BoykMi00,Miles Boykin
352,2018,2018-08-29,SEA,GB,2019,6,194,0,WillDe07,Dexter Williams
352,2018,2018-08-29,GB,SEA,,,,,HundBr00,Brett Hundley
353,2018,2018-08-31,SF,CLE,2019,7,243,0,ScotNi01,Nick Scott
353,2018,2018-08-31,CLE,SF,,,,,ColeSh00,Shon Coleman
354,2018,2018-09-01,CHI,OAK,2019,1,24,0,JacoJo01,Josh Jacobs
354,2018,2018-09-01,CHI,OAK,2020,1,19,1,,
354,2018,2018-09-01,CHI,OAK,2020,3,81,1,,
354,2018,2018-09-01,CHI,OAK,2019,6,196,0,AustBl00,Blessuan Austin
354,2018,2018-09-01,OAK,CHI,,,,,MackKh00,Khalil Mack
354,2018,2018-09-01,OAK,CHI,2020,2,43,1,,
354,2018,2018-09-01,OAK,CHI,2020,7,226,1,,
355,2018,2018-09-01,PHI,CHI,2019,7,222,0,WhytKe00,Kerrith Whyte
355,2018,2018-09-01,CHI,PHI,,,,,HallDe02,Deiondre' Hall
356,2018,2018-09-01,CLE,NO,2019,7,231,0,MackAl00,Alize Mack
356,2018,2018-09-01,NO,CLE,,,,,LawrDe02,Devaroe Lawrence
357,2018,2018-09-01,SEA,OAK,2019,7,235,0,RussDo00,Dontavius Russell
357,2018,2018-09-01,OAK,SEA,,,,,LuanSh00,Shalom Luani
358,2018,2018-09-02,OAK,BUF,2019,5,158,0,JackMi01,Michael Jackson
358,2018,2018-09-02,BUF,OAK,,,,,McCaA.00,A.J. McCarron
359,2018,2018-09-17,CLE,NE,,,,,GordJo02,Josh Gordon
359,2018,2018-09-17,CLE,NE,2019,7,243,0,ScotNi01,Nick Scott
359,2018,2018-09-17,NE,CLE,2019,5,170,0,SeibAu00,Austin Seibert
360,2018,2018-10-19,JAX,CLE,2019,5,144,0,TellMa00,Marvell Tell
360,2018,2018-10-19,CLE,JAX,,,,,HydeCa00,Carlos Hyde
361,2018,2018-10-22,DAL,OAK,2019,1,27,0,AbraJo01,Johnathan Abram
361,2018,2018-10-22,OAK,DAL,,,,,CoopAm00,Amari Cooper
362,2018,2018-10-23,NO,NYG,2019,4,132,0,AmadUg00,Ugochukwu Amadi
362,2018,2018-10-23,NO,NYG,2020,7,,0,,
362,2018,2018-10-23,NYG,NO,,,,,ApplEl00,Eli Apple
363,2018,2018-10-25,DET,NYG,2019,5,142,0,BurrBe00,Ben Burr-Kirven
363,2018,2018-10-25,NYG,DET,,,,,HarrDa03,Damon Harrison
364,2018,2018-10-30,PHI,DET,2019,3,88,0,BartCo00,Cody Barton
364,2018,2018-10-30,DET,PHI,,,,,TateGo00,Golden Tate
365,2018,2018-10-30,LA,JAX,2019,3,98,0,WillQu01,Quincy Williams
365,2018,2018-10-30,LA,JAX,2020,5,,0,,
365,2018,2018-10-30,JAX,LA,,,,,FowlDa00,Dante Fowler
366,2018,2018-10-30,WAS,GB,2019,4,118,0,FrohHj00,Hjalte Froholdt
366,2018,2018-10-30,GB,WAS,,,,,ClinHa00,Ha Ha Clinton-Dix
367,2018,2018-10-30,DEN,HOU,,,,,ThomDe03,Demaryius Thomas
367,2018,2018-10-30,DEN,HOU,2019,7,220,0,GillCu00,Cullen Gillaspia
367,2018,2018-10-30,HOU,DEN,2019,4,125,0,WrenRe00,Renell Wren
367,2018,2018-10-30,HOU,DEN,2019,7,237,0,GodwTe00,Terry Godwin
368,2019,2019-03-13,CLE,NYG,,,,,PeppJa00,Jabrill Peppers
368,2019,2019-03-13,CLE,NYG,2019,1,17,0,LawrDe03,Dexter Lawrence
368,2019,2019-03-13,CLE,NYG,2019,3,95,0,XimiOs00,Oshane Ximines
368,2019,2019-03-13,NYG,CLE,,,,,BeckOd00,Odell Beckham Jr.
369,2019,2019-03-13,OAK,PIT,2019,3,66,0,JohnDi01,Diontae Johnson
369,2019,2019-03-13,OAK,PIT,2019,5,141,0,GentZa00,Zach Gentry
369,2019,2019-03-13,PIT,OAK,,,,,BrowAn04,Antonio Brown
370,2019,2019-03-13,DEN,BAL,2019,4,113,0,HillJu00,Justice Hill
370,2019,2019-03-13,BAL,DEN,,,,,FlacJo00,Joe Flacco
371,2019,2019-03-13,OAK,NYJ,,,,,OsemKe00,Kelechi Osemele
371,2019,2019-03-13,OAK,NYJ,2019,6,196,0,AustBl00,Blessuan Austin
371,2019,2019-03-13,NYJ,OAK,2019,5,140,0,ArmsRy00,Ryquell Armstead
372,2019,2019-03-13,ARI,PIT,2019,6,207,0,GilbUl00,Ulysees Gilbert
372,2019,2019-03-13,PIT,ARI,,,,,GilbMa00,Marcus Gilbert
373,2019,2019-03-13,PHI,TB,2019,6,208,0,MillSc01,Scott Miller
373,2019,2019-03-13,TB,PHI,,,,,JackDe00,DeSean Jackson
373,2019,2019-03-13,TB,PHI,2020,7,,0,,
374,2019,2019-03-18,MIA,TEN,,,,,TannRy00,Ryan Tannehill
374,2019,2019-03-18,MIA,TEN,2019,6,188,0,LongDa04,David Long
374,2019,2019-03-18,TEN,MIA,2019,7,233,0,CoxxCh01,Chler Cox
374,2019,2019-03-18,TEN,MIA,2020,4,135,1,,
375,2019,2019-04-23,SEA,KC,,,,,ClarFr01,Frank Clark
375,2019,2019-04-23,SEA,KC,2019,3,84,0,SaunKh00,Khalen Saunders
375,2019,2019-04-23,KC,SEA,2019,1,29,0,CollLJ00,L.J. Collier
375,2019,2019-04-23,KC,SEA,2019,3,92,0,EdogCh00,Chuma Edoga
375,2019,2019-04-23,KC,SEA,2020,2,64,1,,
376,2019,2019-04-25,DEN,PIT,2019,1,10,0,BushDe01,Devin Bush
376,2019,2019-04-25,PIT,DEN,2019,1,20,0,FantNo00,Noah Fant
376,2019,2019-04-25,PIT,DEN,2019,2,52,0,SampDr00,Drew Sample
376,2019,2019-04-25,PIT,DEN,2020,3,83,1,,
377,2019,2019-04-25,SEA,GB,2019,1,21,0,SavaDa00,Darnell Savage
377,2019,2019-04-25,GB,SEA,2019,1,30,0,BakeDe00,Deandre Baker
377,2019,2019-04-25,GB,SEA,2019,4,114,0,SamiDr00,Dru Samia
377,2019,2019-04-25,GB,SEA,2019,4,118,0,FrohHj00,Hjalte Froholdt
378,2019,2019-04-25,BAL,PHI,2019,1,22,0,DillAn00,Andre Dillard
378,2019,2019-04-25,PHI,BAL,2019,1,25,0,BrowMa04,Marquise Brown
378,2019,2019-04-25,PHI,BAL,2019,4,127,0,MarsIm00,Iman Marshall
378,2019,2019-04-25,PHI,BAL,2019,6,197,0,McSoTr00,Trace McSorley
379,2019,2019-04-25,IND,WAS,2019,1,26,0,SweaMo00,Montez Sweat
379,2019,2019-04-25,WAS,IND,2019,2,46,0,WillGr00,Greedy Williams
379,2019,2019-04-25,WAS,IND,2020,2,34,1,,
380,2019,2019-04-25,SEA,NYG,2019,1,30,0,BakeDe00,Deandre Baker
380,2019,2019-04-25,NYG,SEA,2019,2,37,0,LittGr01,Greg Little
380,2019,2019-04-25,NYG,SEA,2019,4,132,0,AmadUg00,Ugochukwu Amadi
380,2019,2019-04-25,NYG,SEA,2019,5,142,0,BurrBe00,Ben Burr-Kirven
381,2019,2019-04-25,LA,ATL,2019,1,31,0,McGaKa00,Kaleb McGary
381,2019,2019-04-25,LA,ATL,2019,6,203,0,GreeMa02,Marcus Green
381,2019,2019-04-25,ATL,LA,2019,2,45,0,WillJo13,Joejuan Williams
381,2019,2019-04-25,ATL,LA,2019,3,79,0,LongDa02,David Long
382,2019,2019-04-26,OAK,JAX,2019,2,35,0,TaylJa02,Jawaan Taylor
382,2019,2019-04-26,OAK,JAX,2019,5,140,0,ArmsRy00,Ryquell Armstead
382,2019,2019-04-26,OAK,JAX,2019,7,235,0,RussDo00,Dontavius Russell
382,2019,2019-04-26,JAX,OAK,2019,2,38,0,FordCo00,Cody Ford
382,2019,2019-04-26,JAX,OAK,2019,4,109,0,WillKh00,Khari Willis
383,2019,2019-04-26,SEA,CAR,2019,2,37,0,LittGr01,Greg Little
383,2019,2019-04-26,CAR,SEA,2019,2,47,0,BlaiMa01,Marquise Blair
383,2019,2019-04-26,CAR,SEA,2019,3,77,0,WinoCh00,Chase Winovich
384,2019,2019-04-26,OAK,BUF,2019,2,38,0,FordCo00,Cody Ford
384,2019,2019-04-26,BUF,OAK,2019,2,40,0,MullTr00,Trayvon Mullen
384,2019,2019-04-26,BUF,OAK,2019,5,158,0,JackMi01,Michael Jackson
385,2019,2019-04-26,CIN,DEN,2019,2,42,0,LockDr00,Drew Lock
385,2019,2019-04-26,DEN,CIN,2019,2,52,0,SampDr00,Drew Sample
385,2019,2019-04-26,DEN,CIN,2019,4,125,0,WrenRe00,Renell Wren
385,2019,2019-04-26,DEN,CIN,2019,6,182,0,WillTr06,Trayveon Williams
386,2019,2019-04-26,LA,NE,2019,2,45,0,WillJo13,Joejuan Williams
386,2019,2019-04-26,NE,LA,2019,2,56,0,HardMe00,Mecole Hardman
386,2019,2019-04-26,NE,LA,2019,3,101,0,CajuYo00,Yodny Cajuste
387,2019,2019-04-26,IND,CLE,2019,2,46,0,WillGr00,Greedy Williams
387,2019,2019-04-26,CLE,IND,2019,2,49,0,BanoBe00,Ben Banogu
387,2019,2019-04-26,CLE,IND,2019,5,144,0,TellMa00,Marvell Tell
388,2019,2019-04-26,MIA,NO,2019,2,48,0,McCoEr01,Erik McCoy
388,2019,2019-04-26,MIA,NO,2019,4,116,0,HookAm00,Amani Hooker
388,2019,2019-04-26,NO,MIA,2019,2,62,0,IsabAn00,Andy Isabella
388,2019,2019-04-26,NO,MIA,2019,6,202,0,PrinIs00,Isaiah Prince
388,2019,2019-04-26,NO,MIA,2020,2,56,1,,
389,2019,2019-04-26,LA,KC,2019,2,56,0,HardMe00,Mecole Hardman
389,2019,2019-04-26,KC,LA,2019,2,61,0,RappTa00,Taylor Rapp
389,2019,2019-04-26,KC,LA,2019,5,167,0,ThorCl00,Clayton Thorson
390,2019,2019-04-26,MIA,ARI,2019,2,62,0,IsabAn00,Andy Isabella
390,2019,2019-04-26,MIA,ARI,2020,5,,0,,
390,2019,2019-04-26,ARI,MIA,,,,,RoseJo01,Josh Rosen
391,2019,2019-04-26,TB,LA,2019,3,70,0,HendDa00,Darrell Henderson
391,2019,2019-04-26,LA,TB,2019,3,94,0,DeanJa00,Jamel Dean
391,2019,2019-04-26,LA,TB,2019,3,99,0,EdwaMi01,Mike Edwards
392,2019,2019-04-26,SEA,NE,2019,3,77,0,WinoCh00,Chase Winovich
392,2019,2019-04-26,SEA,NE,2019,4,118,0,FrohHj00,Hjalte Froholdt
392,2019,2019-04-26,NE,SEA,2019,2,64,0,MetcDK00,D.K. Metcalf
393,2019,2019-04-26,MIN,DET,2019,3,81,0,HarrWi02,Will Harris
393,2019,2019-04-26,DET,MIN,2019,3,88,0,BartCo00,Cody Barton
393,2019,2019-04-26,DET,MIN,2019,6,204,0,HomeTr00,Travis Homer
394,2019,2019-04-26,CHI,NE,2019,3,87,0,HarrDa06,Damien Harris
394,2019,2019-04-26,CHI,NE,2019,5,162,0,SmitCa01,Cameron Smith
394,2019,2019-04-26,CHI,NE,2020,4,125,1,,
394,2019,2019-04-26,NE,CHI,2019,3,73,0,MontDa01,David Montgomery
394,2019,2019-04-26,NE,CHI,2019,6,205,0,ShelDu00,Duke Shelley
395,2019,2019-04-26,MIN,SEA,2019,3,88,0,BartCo00,Cody Barton
395,2019,2019-04-26,MIN,SEA,2019,6,209,0,ChriDe01,Demarcus Christmas
395,2019,2019-04-26,SEA,MIN,2019,3,92,0,EdogCh00,Chuma Edoga
395,2019,2019-04-26,SEA,MIN,2019,5,159,0,CowaBy00,Byron Cowart
396,2019,2019-04-26,MIN,NYJ,2019,3,92,0,EdogCh00,Chuma Edoga
396,2019,2019-04-26,NYJ,MIN,2019,3,93,0,BoykMi00,Miles Boykin
396,2019,2019-04-26,NYJ,MIN,2019,7,217,0,BoydKr00,Kris Boyd
397,2019,2019-04-26,NE,LA,2019,3,97,0,EvanBo00,Bobby Evans
397,2019,2019-04-26,NE,LA,2019,5,162,0,SmitCa01,Cameron Smith
397,2019,2019-04-26,LA,NE,2019,3,101,0,CajuYo00,Yodny Cajuste
397,2019,2019-04-26,LA,NE,2019,4,133,0,StidJa00,Jarrett Stidham
398,2019,2019-04-26,BAL,MIN,2019,3,102,0,MattAl01,Alexander Mattison
398,2019,2019-04-26,BAL,MIN,2019,6,191,0,EppsMa00,Marcus Epps
398,2019,2019-04-26,BAL,MIN,2019,6,193,0,UdohOl00,Oli Udoh
398,2019,2019-04-26,MIN,BAL,2019,3,93,0,BoykMi00,Miles Boykin
399,2019,2019-04-26,BUF,WAS,2019,4,112,0,LoveBr00,Bryce Love
399,2019,2019-04-26,BUF,WAS,2019,4,131,0,MartWe00,Wes Martin
399,2019,2019-04-26,WAS,BUF,2019,3,96,0,KnoxDa00,Dawson Knox
400,2019,2019-04-27,SF,CIN,2019,4,104,0,FinlRy00,Ryan Finley
400,2019,2019-04-27,CIN,SF,2019,4,110,0,WishMi00,Mitch Wishnowsky
400,2019,2019-04-27,CIN,SF,2019,6,183,0,SkulJu00,Justin Skule
401,2019,2019-04-27,NYJ,NO,2019,4,105,0,GardCh00,Chauncey Gardner-Johnson
401,2019,2019-04-27,NO,NYJ,2019,4,116,0,HookAm00,Amani Hooker
401,2019,2019-04-27,NO,NYJ,2019,5,168,0,WalkDA02,D'Andre Walker
402,2019,2019-04-27,OAK,IND,2019,4,109,0,WillKh00,Khari Willis
402,2019,2019-04-27,IND,OAK,2019,4,129,0,JohnIs02,Isaiah Johnson
402,2019,2019-04-27,IND,OAK,2019,4,135,0,ComiJo00,John Cominsky
403,2019,2019-04-27,DET,ATL,2019,4,111,0,ShefKe00,Kendall Sheffield
403,2019,2019-04-27,ATL,DET,2019,4,117,0,BryaAu00,Austin Bryant
403,2019,2019-04-27,ATL,DET,2019,6,186,0,JohnTy02,Ty Johnson
404,2019,2019-04-27,SEA,MIN,2019,4,114,0,SamiDr00,Dru Samia
404,2019,2019-04-27,MIN,SEA,2019,4,120,0,JennGa00,Gary Jennings
404,2019,2019-04-27,MIN,SEA,2019,6,204,0,HomeTr00,Travis Homer
405,2019,2019-04-27,NYJ,TEN,2019,4,116,0,HookAm00,Amani Hooker
405,2019,2019-04-27,NYJ,TEN,2019,5,168,0,WalkDA02,D'Andre Walker
405,2019,2019-04-27,TEN,NYJ,2019,4,121,0,WescTr00,Trevon Wesco
405,2019,2019-04-27,TEN,NYJ,2019,5,157,0,CashBl00,Blake Cashman
406,2019,2019-04-27,NE,LA,2019,4,134,0,GainGr00,Greg Gaines
406,2019,2019-04-27,NE,LA,2019,7,243,0,ScotNi01,Nick Scott
406,2019,2019-04-27,LA,NE,2019,5,162,0,SmitCa01,Cameron Smith
406,2019,2019-04-27,LA,NE,2019,5,167,0,ThorCl00,Clayton Thorson
407,2019,2019-04-27,OAK,ATL,2019,4,135,0,ComiJo00,John Cominsky
407,2019,2019-04-27,ATL,OAK,2019,4,137,0,MoreFo00,Foster Moreau
407,2019,2019-04-27,ATL,OAK,2019,7,230,0,BellQu00,Quinton Bell
408,2019,2019-04-27,DAL,CIN,2019,4,136,0,JordMi01,Michael Jordan
408,2019,2019-04-27,CIN,DAL,2019,5,149,0,RenfHu00,Hunter Renfrow
408,2019,2019-04-27,CIN,DAL,2019,6,213,0,WilsDo01,Donovan Wilson
409,2019,2019-04-27,DAL,OAK,2019,5,149,0,RenfHu00,Hunter Renfrow
409,2019,2019-04-27,OAK,DAL,2019,5,158,0,JackMi01,Michael Jackson
409,2019,2019-04-27,OAK,DAL,2019,7,218,0,WebeMi00,Mike Weber
410,2019,2019-04-27,MIN,NE,2019,5,159,0,CowaBy00,Byron Cowart
410,2019,2019-04-27,NE,MIN,2019,5,162,0,SmitCa01,Cameron Smith
410,2019,2019-04-27,NE,MIN,2019,7,239,0,MitcDi00,Dillon Mitchell
411,2019,2019-04-27,PHI,NE,2019,5,163,0,BailJa00,Jake Bailey
411,2019,2019-04-27,NE,PHI,2019,5,167,0,ThorCl00,Clayton Thorson
411,2019,2019-04-27,NE,PHI,2019,7,246,0,PattJa00,Javon Patterson
412,2019,2019-04-27,CAR,DEN,2019,6,187,0,WinfJu00,Juwann Winfree
412,2019,2019-04-27,DEN,CAR,2019,6,212,0,DaleDe00,Dennis Daley
412,2019,2019-04-27,DEN,CAR,2019,7,237,0,GodwTe00,Terry Godwin
413,2019,2019-04-27,SF,DEN,2019,6,212,0,DaleDe00,Dennis Daley
413,2019,2019-04-27,SF,DEN,,,,,WatsDe99,Dekoda Watson
413,2019,2019-04-27,DEN,SF,2019,5,148,0,GreeDr00,Dre Greenlaw
414,2019,2019-04-27,JAX,SEA,2019,7,236,0,UrsuJo00,John Ursua
414,2019,2019-04-27,SEA,JAX,2020,6,,0,,
415,2019,2019-04-27,PHI,IND,2019,7,246,0,PattJa00,Javon Patterson
415,2019,2019-04-27,IND,PHI,,,,,RidgHa00,Hassan Ridgeway
416,2019,2019-05-16,KC,NYJ,2020,6,211,0,RodgIs00,Isaiah Rodgers
416,2019,2019-05-16,NYJ,KC,,,,,LeexDa00,Darron Lee
417,2019,2019-08-05,NYJ,BAL,2020,7,225,0,WillKe06,Kenny Willekes
417,2019,2019-08-05,BAL,NYJ,,,,,LewiAl01,Alex Lewis
418,2019,2019-08-08,HOU,CLE,2020,3,90,0,GreeJo04,Jonathan Greenard
418,2019,2019-08-08,CLE,HOU,,,,,JohnDu00,Duke Johnson
419,2019,2019-08-11,MIN,BAL,2020,5,170,0,WashBr01,Broderick Washington
419,2019,2019-08-11,BAL,MIN,,,,,VedvKa00,Kaare Vedvik
420,2019,2019-08-29,NYJ,IND,2020,6,,1,,
420,2019,2019-08-29,IND,NYJ,,,,,HairNa00,Nate Hairston
421,2019,2019-08-29,CLE,BUF,2020,5,155,0,GipsTr00,Trevis Gipson
421,2019,2019-08-29,CLE,BUF,2020,6,188,0,BassTy00,Tyler Bass
421,2019,2019-08-29,BUF,CLE,,,,,TellWy00,Wyatt Teller
421,2019,2019-08-29,BUF,CLE,2021,7,,0,,
422,2019,2019-08-29,NE,ARI,2020,6,202,0,WeavEv00,Evan Weaver
422,2019,2019-08-29,ARI,NE,,,,,CunnKo00,Korey Cunningham
423,2019,2019-08-29,BAL,NE,,,,,ElueJe00,Jermaine Eluemunor
423,2019,2019-08-29,BAL,NE,2020,6,207,0,HodgIs00,Isaiah Hodgins
423,2019,2019-08-29,NE,BAL,2020,4,129,0,ClarCa00,Cameron Clark
424,2019,2019-08-29,TEN,GB,2020,6,208,0,HansJa00,Jake Hanson
424,2019,2019-08-29,GB,TEN,,,,,GilbRe01,Reggie Gilbert
425,2019,2019-08-30,NE,BUF,2020,6,207,0,HodgIs00,Isaiah Hodgins
425,2019,2019-08-30,BUF,NE,,,,,BodiRu00,Russell Bodine
426,2019,2019-08-30,MIA,MIN,2020,7,219,0,StonGe00,Geno Stone
426,2019,2019-08-30,MIN,MIA,,,,,IsidDa00,Danny Isidora
427,2019,2019-08-30,NE,DEN,,,,,DawsDu00,Duke Dawson
427,2019,2019-08-30,NE,DEN,2020,7,237,0,KeyeTh00,Thakarius Keyes
427,2019,2019-08-30,DEN,NE,2020,6,195,0,HerrJu00,Justin Herron
428,2019,2019-08-31,HOU,NE,2020,6,204,0,MaluCa00,Cassh Maluia
428,2019,2019-08-31,NE,HOU,,,,,CrosKe00,Keion Crossen
429,2019,2019-08-31,CLE,TEN,2020,7,224,0,McDoCo00,Cole McDonald
429,2019,2019-08-31,TEN,CLE,,,,,TaylTa00,Taywan Taylor
430,2019,2019-08-31,IND,MIA,,,,,BoehEv00,Evan Boehm
430,2019,2019-08-31,IND,MIA,2020,7,227,0,SimmLa00,Lachavious Simmons
430,2019,2019-08-31,MIA,IND,2020,6,197,0,PeniJo00,John Penisini
431,2019,2019-08-31,GB,CLE,,,,,McCrJo00,Jordan McCray
431,2019,2019-08-31,GB,CLE,2020,7,244,0,StanNa00,Nate Stanley
431,2019,2019-08-31,CLE,GB,2020,7,236,0,ScotVe00,Vernon Scott
432,2019,2019-09-01,SEA,HOU,,,,,MartJa02,Jacob Martin
432,2019,2019-09-01,SEA,HOU,,,,,MingBa00,Barkevious Mingo
432,2019,2019-09-01,SEA,HOU,2020,3,91,0,AsiaDe00,Devin Asiasi
432,2019,2019-09-01,HOU,SEA,,,,,ClowJa00,Jadeveon Clowney
433,2019,2019-09-01,MIA,HOU,,,,,TunsLa00,Laremy Tunsil
433,2019,2019-09-01,MIA,HOU,,,,,StilKe00,Kenny Stills
433,2019,2019-09-01,MIA,HOU,2020,4,111,0,KindSo00,Solomon Kindley
433,2019,2019-09-01,MIA,HOU,2021,6,,0,,
433,2019,2019-09-01,HOU,MIA,2021,1,,0,,
433,2019,2019-09-01,HOU,MIA,2021,2,,0,,
433,2019,2019-09-01,HOU,MIA,,,,,BadeJo00,Johnson Bademosi
433,2019,2019-09-01,HOU,MIA,,,,,DaveJu00,Julie'n Davenport
433,2019,2019-09-01,HOU,MIA,2020,1,26,0,LoveJo03,Jordan Love
434,2019,2019-09-02,NYG,GB,,,,,GoodB.00,B.J. Goodson
434,2019,2019-09-02,NYG,GB,2020,7,,1,,
434,2019,2019-09-02,GB,NYG,2020,7,,1,,
435,2019,2019-09-09,JAX,PIT,2020,5,154,0,StroJa02,Jason Strowbridge
435,2019,2019-09-09,PIT,JAX,,,,,DobbJo00,Joshua Dobbs
436,2019,2019-09-16,MIA,PIT,,,,,FitzMi00,Minkah Fitzpatrick
436,2019,2019-09-16,MIA,PIT,2020,4,135,0,DotsKe00,Kevin Dotson
436,2019,2019-09-16,MIA,PIT,2021,7,,0,,
436,2019,2019-09-16,PIT,MIA,2020,1,18,0,JackAu00,Austin Jackson
436,2019,2019-09-16,PIT,MIA,2021,5,,0,,
436,2019,2019-09-16,PIT,MIA,2021,6,,0,,
437,2019,2019-09-19,OAK,GB,2020,6,192,0,RunyJo00,Jon Runyan
437,2019,2019-09-19,GB,OAK,,,,,DaviTr03,Trevor Davis
438,2019,2019-09-25,PIT,SEA,2020,5,162,0,HudsKh00,Khaleke Hudson
438,2019,2019-09-25,SEA,PIT,,,,,VannNi00,Nick Vannett
439,2019,2019-10-01,PHI,ATL,,,,,CyprJo00,Johnathan Cyprien
439,2019,2019-10-01,PHI,ATL,2020,7,228,0,HofrSt00,Sterling Hofrichter
439,2019,2019-10-01,ATL,PHI,,,,,RileDu00,Duke Riley
439,2019,2019-10-01,ATL,PHI,2020,6,190,0,WoerCh00,Charlie Woerner
440,2019,2019-10-16,LA,JAX,2020,1,20,0,ChaiKL00,K'Lavon Chaisson
440,2019,2019-10-16,LA,JAX,2021,1,,0,,
440,2019,2019-10-16,LA,JAX,2021,4,,0,,
440,2019,2019-10-16,JAX,LA,,,,,RamsJa00,Jalen Ramsey
441,2019,2019-10-16,BAL,LA,,,,,YounKe03,Kenny Young
441,2019,2019-10-16,BAL,LA,2020,5,173,0,MoonDa00,Darnell Mooney
441,2019,2019-10-16,LA,BAL,,,,,PeteMa00,Marcus Peters
442,2019,2019-10-21,HOU,OAK,2020,3,91,0,AsiaDe00,Devin Asiasi
442,2019,2019-10-21,OAK,HOU,,,,,ConlGa00,Gareon Conley
443,2019,2019-10-22,NE,ATL,2020,2,55,0,DobbJK00,J.K. Dobbins
443,2019,2019-10-22,ATL,NE,,,,,SanuMo00,Mohamed Sanu
444,2019,2019-10-22,DEN,SF,,,,,SandEm00,Emmanuel Sanders
444,2019,2019-10-22,DEN,SF,2020,5,156,0,IsmaKe00,Keith Ismael
444,2019,2019-10-22,SF,DEN,2020,3,95,0,AgimMc00,McTelvin Agim
444,2019,2019-10-22,SF,DEN,2020,4,137,0,ScotJo00,Josiah Scott
445,2019,2019-10-28,NYG,NYJ,2020,3,68,0,DaviAs00,Ashtyn Davis
445,2019,2019-10-28,NYG,NYJ,2021,4,,1,,
445,2019,2019-10-28,NYJ,NYG,,,,,WillLe02,Leonard Williams
446,2019,2019-10-28,ARI,MIA,2020,5,153,0,McKiCo00,Colton McKivitz
446,2019,2019-10-28,MIA,ARI,,,,,DrakKe00,Kenyan Drake
447,2019,2019-10-29,LA,MIA,,,,,TaliAq99,Aqib Talib
447,2019,2019-10-29,LA,MIA,2020,5,173,0,MoonDa00,Darnell Mooney
447,2019,2019-10-29,MIA,LA,2022,7,,0,,
448,2020,2020-03-03,DEN,JAX,2020,4,137,0,ScotJo00,Josiah Scott
448,2020,2020-03-03,JAX,DEN,,,,,BouyA.00,A.J. Bouye
449,2020,2020-03-15,BAL,JAX,2020,5,157,0,ThomDa07,Daniel Thomas
449,2020,2020-03-15,JAX,BAL,,,,,CampCa99,Calais Campbell
450,2020,2020-03-16,IND,SF,2020,1,13,0,WirfTr00,Tristan Wirfs
450,2020,2020-03-16,SF,IND,,,,,BuckDe00,DeForest Buckner
451,2020,2020-03-16,HOU,ARI,,,,,HopkDe00,DeAndre Hopkins
451,2020,2020-03-16,HOU,ARI,2020,4,131,0,LawrRa01,Rashard Lawrence
451,2020,2020-03-16,ARI,HOU,,,,,JohnDa08,David Johnson
451,2020,2020-03-16,ARI,HOU,2020,2,40,0,BlacRo00,Ross Blacklock
451,2020,2020-03-16,ARI,HOU,2021,4,,0,,
452,2020,2020-03-16,BAL,ATL,,,,,HursHa00,Hayden Hurst
452,2020,2020-03-16,BAL,ATL,2020,4,143,0,BredBe00,Ben Bredeson
452,2020,2020-03-16,ATL,BAL,2020,2,55,0,DobbJK00,J.K. Dobbins
452,2020,2020-03-16,ATL,BAL,2020,5,157,0,ThomDa07,Daniel Thomas
453,2020,2020-03-16,MIN,BUF,,,,,DiggSt00,Stefon Diggs
453,2020,2020-03-16,MIN,BUF,2020,7,239,0,JackDa02,Dane Jackson
453,2020,2020-03-16,BUF,MIN,2020,1,22,0,JeffJu00,Justin Jefferson
453,2020,2020-03-16,BUF,MIN,2020,5,155,0,GipsTr00,Trevis Gipson
453,2020,2020-03-16,BUF,MIN,2020,6,201,0,ProcJa00,James Proche
453,2020,2020-03-16,BUF,MIN,2021,4,,0,,
454,2020,2020-03-18,CHI,JAX,2020,4,140,0,QuarSh00,Shaquille Quarterman
454,2020,2020-03-18,JAX,CHI,,,,,FoleNi00,Nick Foles
455,2020,2020-03-18,NE,DET,,,,,HarmDu00,Duron Harmon
455,2020,2020-03-18,NE,DET,2020,7,235,0,CornJa01,Jashon Cornell
455,2020,2020-03-18,DET,NE,2020,5,172,0,HuntJa01,Jason Huntley
456,2020,2020-03-18,DEN,TEN,2020,7,237,0,KeyeTh00,Thakarius Keyes
456,2020,2020-03-18,TEN,DEN,,,,,CaseJu00,Jurrell Casey
457,2020,2020-03-19,PHI,DET,2020,3,85,0,BlacJu01,Julian Blackmon
457,2020,2020-03-19,PHI,DET,2020,5,166,0,CephQu00,Quintez Cephus
457,2020,2020-03-19,DET,PHI,,,,,SlayDa00,Darius Slay
458,2020,2020-03-23,WAS,CAR,2020,5,148,0,RobiAl03,Alton Robinson
458,2020,2020-03-23,CAR,WAS,,,,,AlleKy00,Kyle Allen
459,2020,2020-03-23,SEA,WAS,2020,5,162,0,HudsKh00,Khaleke Hudson
459,2020,2020-03-23,WAS,SEA,,,,,DunbQu00,Quinton Dunbar
460,2020,2020-04-09,HOU,LA,2020,2,57,0,JeffVa00,Van Jefferson
460,2020,2020-04-09,LA,HOU,,,,,CookBr00,Brandin Cooks
460,2020,2020-04-09,LA,HOU,2022,4,,0,,
461,2020,2020-04-21,NE,TB,,,,,GronRo00,Rob Gronkowski
461,2020,2020-04-21,NE,TB,2020,7,241,0,RussCh00,Chapelle Russell
461,2020,2020-04-21,TB,NE,2020,4,117,0,WonnDJ00,D.J. Wonnum
462,2020,2020-04-23,SF,TB,2020,1,13,0,WirfTr00,Tristan Wirfs
462,2020,2020-04-23,SF,TB,2020,7,245,0,CalaRa00,Raymond Calais
462,2020,2020-04-23,TB,SF,2020,1,14,0,KinlJa00,Javon Kinlaw
462,2020,2020-04-23,TB,SF,2020,4,117,0,WonnDJ00,D.J. Wonnum
463,2020,2020-04-23,NE,LAC,2020,1,23,0,MurrKe00,Kenneth Murray
463,2020,2020-04-23,LAC,NE,2020,2,37,0,DuggKy00,Kyle Dugger
463,2020,2020-04-23,LAC,NE,2020,3,71,0,MaduJu00,Justin Madubuike
464,2020,2020-04-23,MIN,SF,2020,1,25,0,AiyuBr00,Brandon Aiyuk
464,2020,2020-04-23,SF,MIN,2020,1,31,0,GladJe00,Jeff Gladney
464,2020,2020-04-23,SF,MIN,2020,4,117,0,WonnDJ00,D.J. Wonnum
464,2020,2020-04-23,SF,MIN,2020,5,176,0,OsboKJ00,K.J. Osborn
465,2020,2020-04-23,MIA,GB,2020,1,26,0,LoveJo03,Jordan Love
465,2020,2020-04-23,GB,MIA,2020,1,30,0,IgbiNo00,Noah Igbinoghene
465,2020,2020-04-23,GB,MIA,2020,4,136,0,HopkBr01,Brycen Hopkins
466,2020,2020-04-24,CLE,IND,2020,2,41,0,TaylJo02,Jonathan Taylor
466,2020,2020-04-24,IND,CLE,2020,2,44,0,DelpGr00,Grant Delpit
466,2020,2020-04-24,IND,CLE,2020,5,160,0,HarrNi01,Nick Harris
467,2020,2020-04-24,NYJ,SEA,2020,2,48,0,TaylDa00,Darrell Taylor
467,2020,2020-04-24,SEA,NYJ,2020,2,59,0,MimsDe00,Denzel Mims
467,2020,2020-04-24,SEA,NYJ,2020,3,101,0,KeenDa00,Dalton Keene
468,2020,2020-04-24,BAL,NE,2020,2,60,0,UcheJo00,Josh Uche
468,2020,2020-04-24,BAL,NE,2020,4,129,0,ClarCa00,Cameron Clark
468,2020,2020-04-24,NE,BAL,2020,3,71,0,MaduJu00,Justin Madubuike
468,2020,2020-04-24,NE,BAL,2020,3,98,0,HarrMa06,Malik Harrison
469,2020,2020-04-24,SEA,CAR,2020,2,64,0,ChinJe00,Jeremy Chinn
469,2020,2020-04-24,CAR,SEA,2020,3,69,0,LewiDa05,Damien Lewis
469,2020,2020-04-24,CAR,SEA,2020,5,148,0,RobiAl03,Alton Robinson
470,2020,2020-04-24,CLE,NO,2020,3,74,0,BaunZa00,Zack Baun
470,2020,2020-04-24,CLE,NO,2020,7,244,0,StanNa00,Nate Stanley
470,2020,2020-04-24,NO,CLE,2020,3,88,0,ElliJo02,Jordan Elliott
470,2020,2020-04-24,NO,CLE,2021,3,,0,,
471,2020,2020-04-24,IND,DET,2020,3,75,0,JackJo03,Jonah Jackson
471,2020,2020-04-24,IND,DET,2020,6,197,0,PeniJo00,John Penisini
471,2020,2020-04-24,DET,IND,2020,3,85,0,BlacJu01,Julian Blackmon
471,2020,2020-04-24,DET,IND,2020,5,149,0,PintDa00,Danny Pinter
471,2020,2020-04-24,DET,IND,2020,6,182,0,OnweMi00,Michael Onwenu
472,2020,2020-04-24,OAK,NE,2020,3,91,0,AsiaDe00,Devin Asiasi
472,2020,2020-04-24,OAK,NE,2020,5,159,0,RohrJu00,Justin Rohrwasser
472,2020,2020-04-24,NE,OAK,2020,3,100,0,MuseTa00,Tanner Muse
472,2020,2020-04-24,NE,OAK,2020,4,139,0,RobeAm00,Amik Robertson
472,2020,2020-04-24,NE,OAK,2020,5,172,0,HuntJa01,Jason Huntley
473,2020,2020-04-24,NYJ,NE,2020,3,101,0,KeenDa00,Dalton Keene
473,2020,2020-04-24,NE,NYJ,2020,4,125,0,MorgJa00,James Morgan
473,2020,2020-04-24,NE,NYJ,2020,4,129,0,ClarCa00,Cameron Clark
473,2020,2020-04-24,NE,NYJ,2021,6,,0,,
474,2020,2020-04-24,MIN,NO,2020,3,105,0,TrauAd00,Adam Trautman
474,2020,2020-04-24,NO,MIN,2020,4,130,0,LyncJa00,James Lynch
474,2020,2020-04-24,NO,MIN,2020,5,169,0,HandHa00,Harrison Hand
474,2020,2020-04-24,NO,MIN,2020,6,203,0,BranBl00,Blake Brandel
474,2020,2020-04-24,NO,MIN,2020,7,244,0,StanNa00,Nate Stanley
475,2020,2020-04-25,DET,OAK,2020,4,109,0,SimpJo00,John Simpson
475,2020,2020-04-25,OAK,DET,2020,4,121,0,StenLo00,Logan Stenberg
475,2020,2020-04-25,OAK,DET,2020,5,172,0,HuntJa01,Jason Huntley
476,2020,2020-04-25,HOU,MIA,2020,4,111,0,KindSo00,Solomon Kindley
476,2020,2020-04-25,MIA,HOU,2020,4,136,0,HopkBr01,Brycen Hopkins
476,2020,2020-04-25,MIA,HOU,2020,4,141,0,ReidJo00,John Reid
477,2020,2020-04-25,LA,HOU,2020,4,126,0,HeckCh00,Charlie Heck
477,2020,2020-04-25,HOU,LA,2020,4,136,0,HopkBr01,Brycen Hopkins
477,2020,2020-04-25,HOU,LA,2020,7,248,0,SlomSa00,Sam Sloman
477,2020,2020-04-25,HOU,LA,2020,7,250,0,AnchTr00,Tremayne Anchrum
478,2020,2020-04-25,PHI,DAL,2020,4,146,0,BiadTy00,Tyler Biadasz
478,2020,2020-04-25,DAL,PHI,2020,5,164,0,WeavCu00,Curtis Weaver
478,2020,2020-04-25,DAL,PHI,2021,5,,0,,
479,2020,2020-04-25,MIA,SF,2020,5,153,0,McKiCo00,Colton McKivitz
479,2020,2020-04-25,SF,MIA,,,,,BreiMa00,Matt Breida
480,2020,2020-04-25,MIN,CHI,2020,5,155,0,GipsTr00,Trevis Gipson
480,2020,2020-04-25,CHI,MIN,2021,4,,0,,
481,2020,2020-04-25,SF,WAS,2020,5,156,0,IsmaKe00,Keith Ismael
481,2020,2020-04-25,SF,WAS,2021,3,,0,,
481,2020,2020-04-25,WAS,SF,,,,,WillTr21,Trent Williams
482,2020,2020-04-25,PHI,MIA,2020,5,164,0,WeavCu00,Curtis Weaver
482,2020,2020-04-25,MIA,PHI,2020,5,173,0,MoonDa00,Darnell Mooney
482,2020,2020-04-25,MIA,PHI,2020,7,227,0,SimmLa00,Lachavious Simmons
483,2020,2020-04-25,PHI,CHI,2020,5,173,0,MoonDa00,Darnell Mooney
483,2020,2020-04-25,PHI,CHI,2020,7,227,0,SimmLa00,Lachavious Simmons
483,2020,2020-04-25,CHI,PHI,2020,6,196,0,BradSh00,Shaun Bradley
483,2020,2020-04-25,CHI,PHI,2020,6,200,0,WatkQu00,Quez Watkins
483,2020,2020-04-25,CHI,PHI,2020,7,233,0,ToohCa00,Casey Toohill
484,2020,2020-04-25,IND,NE,2020,6,182,0,OnweMi00,Michael Onwenu
484,2020,2020-04-25,NE,IND,2020,6,212,0,PatmDe00,Dezmon Patmon
484,2020,2020-04-25,NE,IND,2020,6,213,0,GlasJo00,Jordan Glasgow
485,2020,2020-04-25,MIN,BAL,2020,6,201,0,ProcJa00,James Proche
485,2020,2020-04-25,MIN,BAL,2020,7,219,0,StonGe00,Geno Stone
485,2020,2020-04-25,BAL,MIN,2020,7,225,0,WillKe06,Kenny Willekes
485,2020,2020-04-25,BAL,MIN,2021,5,,0,,
486,2020,2020-04-25,SF,PHI,,,,,GoodMa00,Marquise Goodwin
486,2020,2020-04-25,SF,PHI,2020,6,210,0,WanoTe00,Prince Tega Wanogho
486,2020,2020-04-25,PHI,SF,2020,6,190,0,WoerCh00,Charlie Woerner
487,2020,2020-04-25,NYJ,IND,2020,6,211,0,RodgIs00,Isaiah Rodgers
487,2020,2020-04-25,IND,NYJ,,,,,WilsQu01,Quincy Wilson
488,2020,2020-04-25,TEN,KC,2020,7,237,0,KeyeTh00,Thakarius Keyes
488,2020,2020-04-25,KC,TEN,2021,6,,0,,
489,2020,2020-04-25,HOU,NO,2020,7,240,0,StevTo01,Tommy Stevens
489,2020,2020-04-25,NO,HOU,2021,6,,0,,
490,2020,2020-04-25,MIA,SEA,2020,7,251,0,SullSt00,Stephen Sullivan
490,2020,2020-04-25,SEA,MIA,2021,6,,0,,
